"Артикул";"Товар";"Цена";"Категория";"Вариант";"Описание";"Адрес";"Изображения";"Описание";"Склад"
KK39056;"набор нахл KEEPER KK39056";7541;"Снасть/Наборы/Vision";"набор нахл KEEPER KK39056 ";"�������� Vision ��� ����� ������� Keeper ��������� ������� ����������� ������ � ������� ��� ����������� �����, � ���� ����� � ���� �����:     3-������� ������� ������ 9 ����� � ������� ������ �����, �������������, ������� �����;      ���� 5-6 ������;     ������ ������� ����������� �������, ������, ����������� ���� � ��������;    ��� ��������, ��������� � ������ � �������;    � ���������� &ndash; ������� � �������;    ���������� �������������� ����;     ����� �� Cordura;    �������� � ��������� �";nabor-nahl-keeper-kk39056;;"�������� Vision ��� ����� ������� Keeper ��������� ������� ����������� ������ � ������� ��� ����������� �����, � ���� ����� � ���� �����:     3-������� ������� ������ 9 ����� � ������� ������ �����, �������������, ������� �����;      ���� 5-6 ������;     ������ ������� ����������� �������, ������, ����������� ���� � ��������;    ��� ��������, ��������� � ������ � �������;    � ���������� &ndash; ������� � �������;    ���������� �������������� ����;     ����� �� Cordura;    �������� � ��������� �";1
VAA3804;"набор нахл Vision VAA3804";11376;"Снасть/Наборы/Vision";"набор нахл Vision VAA3804 ";"�������� Atom ������� �� ������������ ������� �������������� ����� Atom, ����������� ������� Deep � �������� ������ � �������� ��������� ������. ��� �������� ����� ��� ����������, �� ��� ���� �� �������� � �������� ������������. �������� ����� � �������- ������, ����, ��������- ��� �� �����, ���� �������� ��������� � ������ �� Cordura.                     ����������� ����������� VAA3804:         VAA - ��������� ����������� �������      3 . . . - �����������       . 8 0 . - 8 ����� � ������      ";nabor-nahl-vision-vaa3804;;"�������� Atom ������� �� ������������ ������� �������������� ����� Atom, ����������� ������� Deep � �������� ������ � �������� ��������� ������. ��� �������� ����� ��� ����������, �� ��� ���� �� �������� � �������� ������������. �������� ����� � �������- ������, ����, ��������- ��� �� �����, ���� �������� ��������� � ������ �� Cordura.                     ����������� ����������� VAA3804:         VAA - ��������� ����������� �������      3 . . . - �����������       . 8 0 . - 8 ����� � ������      ";1
VAA3905;"набор нахл Vision VAA3905";11600;"Снасть/Наборы/Vision";"набор нахл Vision VAA3905 ";"�������� Atom ������� �� ������������ ������� �������������� ����� Atom, ����������� ������� Deep � �������� ������ � �������� ��������� ������. ��� �������� ����� ��� ����������, �� ��� ���� �� �������� � �������� ������������. �������� ����� � �������- ������, ����, ��������- ��� �� �����, ���� �������� ��������� � ������ �� Cordura.                     ����������� ����������� VAA3804:         VAA - ��������� ����������� �������      3 . . . - �����������       . 8 0 . - 8 ����� � ������      ";nabor-nahl-vision-vaa3905;;"�������� Atom ������� �� ������������ ������� �������������� ����� Atom, ����������� ������� Deep � �������� ������ � �������� ��������� ������. ��� �������� ����� ��� ����������, �� ��� ���� �� �������� � �������� ������������. �������� ����� � �������- ������, ����, ��������- ��� �� �����, ���� �������� ��������� � ������ �� Cordura.                     ����������� ����������� VAA3804:         VAA - ��������� ����������� �������      3 . . . - �����������       . 8 0 . - 8 ����� � ������      ";1
VAA3906;"набор нахл Vision VAA3906";11800;"Снасть/Наборы/Vision";"набор нахл Vision VAA3906 ";"�������� Atom ������� �� ������������ ������� �������������� ����� Atom, ����������� ������� Deep � �������� ������ � �������� ��������� ������. ��� �������� ����� ��� ����������, �� ��� ���� �� �������� � �������� ������������. �������� ����� � �������- ������, ����, ��������- ��� �� �����, ���� �������� ��������� � ������ �� Cordura.                     ����������� ����������� VAA3804:         VAA - ��������� ����������� �������      3 . . . - �����������       . 8 0 . - 8 ����� � ������      ";nabor-nahl-vision-vaa3906;;"�������� Atom ������� �� ������������ ������� �������������� ����� Atom, ����������� ������� Deep � �������� ������ � �������� ��������� ������. ��� �������� ����� ��� ����������, �� ��� ���� �� �������� � �������� ������������. �������� ����� � �������- ������, ����, ��������- ��� �� �����, ���� �������� ��������� � ������ �� Cordura.                     ����������� ����������� VAA3804:         VAA - ��������� ����������� �������      3 . . . - �����������       . 8 0 . - 8 ����� � ������      ";1
VAA3967;"набор нахл Vision VAA3967";13107;"Снасть/Наборы/Vision";"набор нахл Vision VAA3967 ";"�������� Atom ������� �� ������������ ������� �������������� ����� Atom, ����������� ������� Deep � �������� ������ � �������� ��������� ������. ��� �������� ����� ��� ����������, �� ��� ���� �� �������� � �������� ������������. �������� ����� � �������- ������, ����, ��������- ��� �� �����, ���� �������� ��������� � ������ �� Cordura.                     ����������� ����������� VAA3804:         VAA - ��������� ����������� �������      3 . . . - �����������       . 8 0 . - 8 ����� � ������      ";nabor-nahl-vision-vaa3967;;"�������� Atom ������� �� ������������ ������� �������������� ����� Atom, ����������� ������� Deep � �������� ������ � �������� ��������� ������. ��� �������� ����� ��� ����������, �� ��� ���� �� �������� � �������� ������������. �������� ����� � �������- ������, ����, ��������- ��� �� �����, ���� �������� ��������� � ������ �� Cordura.                     ����������� ����������� VAA3804:         VAA - ��������� ����������� �������      3 . . . - �����������       . 8 0 . - 8 ����� � ������      ";1
VZK47656;"набор нахл Vision VZK47656";9780;"Снасть/Наборы/Vision";"набор нахл Vision VZK47656 ";"���� �������� - ��������� &ldquo;���������&rdquo;. �� ������� �� 4-��������, ������-��������, ���������� ��� ������ Zulu �������, ������������ Zulu ������� � ����� �������������� ���������� �����. ��� �������� ������� ��� �������, �� ��� ���������� � ���� ���������������� ����, ����� �� �� ������. ���� �������� ��� ����� � ������ - ������, ����, �������� �������� �� �����. �������� �������� � ����� �� Cordura.       4-������� ������� �������������� �����;   ����� Cordura � ������� ��� �������;  ";nabor-nahl-vision-vzk47656;;"���� �������� - ��������� &ldquo;���������&rdquo;. �� ������� �� 4-��������, ������-��������, ���������� ��� ������ Zulu �������, ������������ Zulu ������� � ����� �������������� ���������� �����. ��� �������� ������� ��� �������, �� ��� ���������� � ���� ���������������� ����, ����� �� �� ������. ���� �������� ��� ����� � ������ - ������, ����, �������� �������� �� �����. �������� �������� � ����� �� Cordura.       4-������� ������� �������������� �����;   ����� Cordura � ������� ��� �������;  ";1
VZK48034;"набор нахл Vision VZK48034";8972;"Снасть/Наборы/Vision";"набор нахл Vision VZK48034 ";"���� �������� - ��������� &ldquo;���������&rdquo;. �� ������� �� 4-��������, ������-��������, ���������� ��� ������ Zulu �������, ������������ Zulu ������� � ����� �������������� ���������� �����. ��� �������� ������� ��� �������, �� ��� ���������� � ���� ���������������� ����, ����� �� �� ������. ���� �������� ��� ����� � ������ - ������, ����, �������� �������� �� �����. �������� �������� � ����� �� Cordura.       4-������� ������� �������������� �����;   ����� Cordura � ������� ��� �������;  ";nabor-nahl-vision-vzk48034;;"���� �������� - ��������� &ldquo;���������&rdquo;. �� ������� �� 4-��������, ������-��������, ���������� ��� ������ Zulu �������, ������������ Zulu ������� � ����� �������������� ���������� �����. ��� �������� ������� ��� �������, �� ��� ���������� � ���� ���������������� ����, ����� �� �� ������. ���� �������� ��� ����� � ������ - ������, ����, �������� �������� �� �����. �������� �������� � ����� �� Cordura.       4-������� ������� �������������� �����;   ����� Cordura � ������� ��� �������;  ";1
VZK49056;"набор нахл Vision VZK49056";9082;"Снасть/Наборы/Vision";"набор нахл Vision VZK49056 ";"���� �������� - ��������� &ldquo;���������&rdquo;. �� ������� �� 4-��������, ������-��������, ���������� ��� ������ Zulu �������, ������������ Zulu ������� � ����� �������������� ���������� �����. ��� �������� ������� ��� �������, �� ��� ���������� � ���� ���������������� ����, ����� �� �� ������. ���� �������� ��� ����� � ������ - ������, ����, �������� �������� �� �����. �������� �������� � ����� �� Cordura.       4-������� ������� �������������� �����;   ����� Cordura � ������� ��� �������;  ";nabor-nahl-vision-vzk49056;;"���� �������� - ��������� &ldquo;���������&rdquo;. �� ������� �� 4-��������, ������-��������, ���������� ��� ������ Zulu �������, ������������ Zulu ������� � ����� �������������� ���������� �����. ��� �������� ������� ��� �������, �� ��� ���������� � ���� ���������������� ����, ����� �� �� ������. ���� �������� ��� ����� � ������ - ������, ����, �������� �������� �� �����. �������� �������� � ����� �� Cordura.       4-������� ������� �������������� �����;   ����� Cordura � ������� ��� �������;  ";1
VZK49078;"набор нахл Vision VZK49078";9481;"Снасть/Наборы/Vision";"набор нахл Vision VZK49078 ";"���� �������� - ��������� &ldquo;���������&rdquo;. �� ������� �� 4-��������, ������-��������, ���������� ��� ������ Zulu �������, ������������ Zulu ������� � ����� �������������� ���������� �����. ��� �������� ������� ��� �������, �� ��� ���������� � ���� ���������������� ����, ����� �� �� ������. ���� �������� ��� ����� � ������ - ������, ����, �������� �������� �� �����. �������� �������� � ����� �� Cordura.       4-������� ������� �������������� �����;   ����� Cordura � ������� ��� �������;  ";nabor-nahl-vision-vzk49078;;"���� �������� - ��������� &ldquo;���������&rdquo;. �� ������� �� 4-��������, ������-��������, ���������� ��� ������ Zulu �������, ������������ Zulu ������� � ����� �������������� ���������� �����. ��� �������� ������� ��� �������, �� ��� ���������� � ���� ���������������� ����, ����� �� �� ������. ���� �������� ��� ����� � ������ - ������, ����, �������� �������� �� �����. �������� �������� � ����� �� Cordura.       4-������� ������� �������������� �����;   ����� Cordura � ������� ��� �������;  ";1
KV4107;"уднахл KEEPER KV4107";3561;"Снасть/Удилища/Vision/Удилища одноручные";"уд.нахл KEEPER KV4107 ";"�������� Vision ��� ����� ������� Keeper ��������� ������� ����������� ������ � ������� ��� ����������� �����.
������� Vision Keeper:
- 4-������� ������� �������� ����� �� ��������� ����;
- ������� � ������� � �������� � �������������;
- 6 ��������� ������� ��� ����� ������� �����;
- ���������� ����� � ���������;
- �������� ����� ��� ������ ����� � ����������� �����. ��� ���������� � ���� � �������� ����� �������.";udnahl-keeper-kv4107;;"�������� Vision ��� ����� ������� Keeper ��������� ������� ����������� ������ � ������� ��� ����������� �����.
������� Vision Keeper:
- 4-������� ������� �������� ����� �� ��������� ����;
- ������� � ������� � �������� � �������������;
- 6 ��������� ������� ��� ����� ������� �����;
- ���������� ����� � ���������;
- �������� ����� ��� ������ ����� � ����������� �����. ��� ���������� � ���� � �������� ����� �������.";1
KV4763;"уднахл KEEPER KV4763";2603;"Снасть/Удилища/Vision/Удилища одноручные";"уд.нахл KEEPER KV4763 ";"�������� Vision ��� ����� ������� Keeper ��������� ������� ����������� ������ � ������� ��� ����������� �����.
������� Vision Keeper:
- 4-������� ������� �������� ����� �� ��������� ����;
- ������� � ������� � �������� � �������������;
- 6 ��������� ������� ��� ����� ������� �����;
- ���������� ����� � ���������;
- �������� ����� ��� ������ ����� � ����������� �����. ��� ���������� � ���� � �������� ����� �������.";udnahl-keeper-kv4763;;"�������� Vision ��� ����� ������� Keeper ��������� ������� ����������� ������ � ������� ��� ����������� �����.
������� Vision Keeper:
- 4-������� ������� �������� ����� �� ��������� ����;
- ������� � ������� � �������� � �������������;
- 6 ��������� ������� ��� ����� ������� �����;
- ���������� ����� � ���������;
- �������� ����� ��� ������ ����� � ����������� �����. ��� ���������� � ���� � �������� ����� �������.";1
KV4804;"уднахл KEEPER KV4804";2887;"Снасть/Удилища/Vision/Удилища одноручные";"уд.нахл KEEPER KV4804 ";"�������� Vision ��� ����� ������� Keeper ��������� ������� ����������� ������ � ������� ��� ����������� �����.
������� Vision Keeper:
- 4-������� ������� �������� ����� �� ��������� ����;
- ������� � ������� � �������� � �������������;
- 6 ��������� ������� ��� ����� ������� �����;
- ���������� ����� � ���������;
- �������� ����� ��� ������ ����� � ����������� �����. ��� ���������� � ���� � �������� ����� �������.";udnahl-keeper-kv4804;;"�������� Vision ��� ����� ������� Keeper ��������� ������� ����������� ������ � ������� ��� ����������� �����.
������� Vision Keeper:
- 4-������� ������� �������� ����� �� ��������� ����;
- ������� � ������� � �������� � �������������;
- 6 ��������� ������� ��� ����� ������� �����;
- ���������� ����� � ���������;
- �������� ����� ��� ������ ����� � ����������� �����. ��� ���������� � ���� � �������� ����� �������.";1
KV4905;"уднахл KEEPER KV4905";3162;"Снасть/Удилища/Vision/Удилища одноручные";"уд.нахл KEEPER KV4905 ";"�������� Vision ��� ����� ������� Keeper ��������� ������� ����������� ������ � ������� ��� ����������� �����.
������� Vision Keeper:
- 4-������� ������� �������� ����� �� ��������� ����;
- ������� � ������� � �������� � �������������;
- 6 ��������� ������� ��� ����� ������� �����;
- ���������� ����� � ���������;
- �������� ����� ��� ������ ����� � ����������� �����. ��� ���������� � ���� � �������� ����� �������.";udnahl-keeper-kv4905;;"�������� Vision ��� ����� ������� Keeper ��������� ������� ����������� ������ � ������� ��� ����������� �����.
������� Vision Keeper:
- 4-������� ������� �������� ����� �� ��������� ����;
- ������� � ������� � �������� � �������������;
- 6 ��������� ������� ��� ����� ������� �����;
- ���������� ����� � ���������;
- �������� ����� ��� ������ ����� � ����������� �����. ��� ���������� � ���� � �������� ����� �������.";1
KV4906;"уднахл KEEPER KV4906";3291;"Снасть/Удилища/Vision/Удилища одноручные";"уд.нахл KEEPER KV4906 ";"";udnahl-keeper-kv4906;;"";1
KV4908;"уднахл KEEPER KV4908";3476;"Снасть/Удилища/Vision/Удилища одноручные";"уд.нахл KEEPER KV4908 ";"�������� Vision ��� ����� ������� Keeper ��������� ������� ����������� ������ � ������� ��� ����������� �����.
������� Vision Keeper:
- 4-������� ������� �������� ����� �� ��������� ����;
- ������� � ������� � �������� � �������������;
- 6 ��������� ������� ��� ����� ������� �����;
- ���������� ����� � ���������;
- �������� ����� ��� ������ ����� � ����������� �����. ��� ���������� � ���� � �������� ����� �������.";udnahl-keeper-kv4908;;"�������� Vision ��� ����� ������� Keeper ��������� ������� ����������� ������ � ������� ��� ����������� �����.
������� Vision Keeper:
- 4-������� ������� �������� ����� �� ��������� ����;
- ������� � ������� � �������� � �������������;
- 6 ��������� ������� ��� ����� ������� �����;
- ���������� ����� � ���������;
- �������� ����� ��� ������ ����� � ����������� �����. ��� ���������� � ���� � �������� ����� �������.";1
KV4967;"уднахл KEEPER KV4967";3476;"Снасть/Удилища/Vision/Удилища одноручные";"уд.нахл KEEPER KV4967 ";"�������� Vision ��� ����� ������� Keeper ��������� ������� ����������� ������ � ������� ��� ����������� �����.
������� Vision Keeper:
- 4-������� ������� �������� ����� �� ��������� ����;
- ������� � ������� � �������� � �������������;
- 6 ��������� ������� ��� ����� ������� �����;
- ���������� ����� � ���������;
- �������� ����� ��� ������ ����� � ����������� �����. ��� ���������� � ���� � �������� ����� �������.";udnahl-keeper-kv4967;;"�������� Vision ��� ����� ������� Keeper ��������� ������� ����������� ������ � ������� ��� ����������� �����.
������� Vision Keeper:
- 4-������� ������� �������� ����� �� ��������� ����;
- ������� � ������� � �������� � �������������;
- 6 ��������� ������� ��� ����� ������� �����;
- ���������� ����� � ���������;
- �������� ����� ��� ������ ����� � ����������� �����. ��� ���������� � ���� � �������� ����� �������.";1
VU3805;"уднахл Vision Cult VU3805";11610;"Снасть/Удилища/Vision/Удилища одноручные";"уд.нахл Vision Cult VU3805 ";"��� 3-� � 4-� ������� ������� &ndash; ����� ��������. ��� ������ � ������ ������ ������ ���� ����� ������� � ����� ���������-��������.  �������� ������� ����� ������� ��������� ��� ���� ������ �����, � �� ������ ��� ������������� �������� �������. ����� ������� ��������� �����, ���������������� � ���������� ��������� � ��������� ������� ������� �����  ���������� ��� � ���� ���������   Cult  .";udnahl-vision-cult-vu3805;;"��� 3-� � 4-� ������� ������� &ndash; ����� ��������. ��� ������ � ������ ������ ������ ���� ����� ������� � ����� ���������-��������.  �������� ������� ����� ������� ��������� ��� ���� ������ �����, � �� ������ ��� ������������� �������� �������. ����� ������� ��������� �����, ���������������� � ���������� ��������� � ��������� ������� ������� �����  ���������� ��� � ���� ���������   Cult  .";1
VU3964;"уднахл Vision Cult VU3964";14787;"Снасть/Удилища/Vision/Удилища одноручные";"уд.нахл Vision Cult VU3964 ";"��� 3-� � 4-� ������� ������� &ndash; ����� ��������. ��� ������ � ������ ������ ������ ���� ����� ������� � ����� ���������-��������.  �������� ������� ����� ������� ��������� ��� ���� ������ �����, � �� ������ ��� ������������� �������� �������. ����� ������� ��������� �����, ���������������� � ���������� ��������� � ��������� ������� ������� �����  ���������� ��� � ���� ���������   Cult  .";udnahl-vision-cult-vu3964;;"��� 3-� � 4-� ������� ������� &ndash; ����� ��������. ��� ������ � ������ ������ ������ ���� ����� ������� � ����� ���������-��������.  �������� ������� ����� ������� ��������� ��� ���� ������ �����, � �� ������ ��� ������������� �������� �������. ����� ������� ��������� �����, ���������������� � ���������� ��������� � ��������� ������� ������� �����  ���������� ��� � ���� ���������   Cult  .";1
VU4804;"уднахл Vision Cult VU4804";14623;"Снасть/Удилища/Vision/Удилища одноручные";"уд.нахл Vision Cult VU4804 ";"��� 3-� � 4-� ������� ������� &ndash; ����� ��������. ��� ������ � ������ ������ ������ ���� ����� ������� � ����� ���������-��������.  �������� ������� ����� ������� ��������� ��� ���� ������ �����, � �� ������ ��� ������������� �������� �������. ����� ������� ��������� �����, ���������������� � ���������� ��������� � ��������� ������� ������� �����  ���������� ��� � ���� ���������   Cult  .";udnahl-vision-cult-vu4804;;"��� 3-� � 4-� ������� ������� &ndash; ����� ��������. ��� ������ � ������ ������ ������ ���� ����� ������� � ����� ���������-��������.  �������� ������� ����� ������� ��������� ��� ���� ������ �����, � �� ������ ��� ������������� �������� �������. ����� ������� ��������� �����, ���������������� � ���������� ��������� � ��������� ������� ������� �����  ���������� ��� � ���� ���������   Cult  .";1
VU4904;"уднахл Vision Cult VU4904";16284;"Снасть/Удилища/Vision/Удилища одноручные";"уд.нахл Vision Cult VU4904 ";"��� 3-� � 4-� ������� ������� &ndash; ����� ��������. ��� ������ � ������ ������ ������ ���� ����� ������� � ����� ���������-��������.  �������� ������� ����� ������� ��������� ��� ���� ������ �����, � �� ������ ��� ������������� �������� �������. ����� ������� ��������� �����, ���������������� � ���������� ��������� � ��������� ������� ������� �����  ���������� ��� � ���� ���������   Cult  .";udnahl-vision-cult-vu4904;;"��� 3-� � 4-� ������� ������� &ndash; ����� ��������. ��� ������ � ������ ������ ������ ���� ����� ������� � ����� ���������-��������.  �������� ������� ����� ������� ��������� ��� ���� ������ �����, � �� ������ ��� ������������� �������� �������. ����� ������� ��������� �����, ���������������� � ���������� ��������� � ��������� ������� ������� �����  ���������� ��� � ���� ���������   Cult  .";1
VU4905;"уднахл Vision Cult VU4905";16518;"Снасть/Удилища/Vision/Удилища одноручные";"уд.нахл Vision Cult VU4905 ";"��� 3-� � 4-� ������� ������� &ndash; ����� ��������. ��� ������ � ������ ������ ������ ���� ����� ������� � ����� ���������-��������.  �������� ������� ����� ������� ��������� ��� ���� ������ �����, � �� ������ ��� ������������� �������� �������. ����� ������� ��������� �����, ���������������� � ���������� ��������� � ��������� ������� ������� �����  ���������� ��� � ���� ���������   Cult  .";udnahl-vision-cult-vu4905;;"��� 3-� � 4-� ������� ������� &ndash; ����� ��������. ��� ������ � ������ ������ ������ ���� ����� ������� � ����� ���������-��������.  �������� ������� ����� ������� ��������� ��� ���� ������ �����, � �� ������ ��� ������������� �������� �������. ����� ������� ��������� �����, ���������������� � ���������� ��������� � ��������� ������� ������� �����  ���������� ��� � ���� ���������   Cult  .";1
VU4906;"уднахл Vision Cult VU4906";16753;"Снасть/Удилища/Vision/Удилища одноручные";"уд.нахл Vision Cult VU4906 ";"��� 3-� � 4-� ������� ������� &ndash; ����� ��������. ��� ������ � ������ ������ ������ ���� ����� ������� � ����� ���������-��������.  �������� ������� ����� ������� ��������� ��� ���� ������ �����, � �� ������ ��� ������������� �������� �������. ����� ������� ��������� �����, ���������������� � ���������� ��������� � ��������� ������� ������� �����  ���������� ��� � ���� ���������   Cult  .";udnahl-vision-cult-vu4906;;"��� 3-� � 4-� ������� ������� &ndash; ����� ��������. ��� ������ � ������ ������ ������ ���� ����� ������� � ����� ���������-��������.  �������� ������� ����� ������� ��������� ��� ���� ������ �����, � �� ������ ��� ������������� �������� �������. ����� ������� ��������� �����, ���������������� � ���������� ��������� � ��������� ������� ������� �����  ���������� ��� � ���� ���������   Cult  .";1
VU4907;"уднахл Vision Cult VU4907";14344;"Снасть/Удилища/Vision/Удилища одноручные";"уд.нахл Vision Cult VU4907 ";"��� 3-� � 4-� ������� ������� &ndash; ����� ��������. ��� ������ � ������ ������ ������ ���� ����� ������� � ����� ���������-��������.  �������� ������� ����� ������� ��������� ��� ���� ������ �����, � �� ������ ��� ������������� �������� �������. ����� ������� ��������� �����, ���������������� � ���������� ��������� � ��������� ������� ������� �����  ���������� ��� � ���� ���������   Cult  .";udnahl-vision-cult-vu4907;;"��� 3-� � 4-� ������� ������� &ndash; ����� ��������. ��� ������ � ������ ������ ������ ���� ����� ������� � ����� ���������-��������.  �������� ������� ����� ������� ��������� ��� ���� ������ �����, � �� ������ ��� ������������� �������� �������. ����� ������� ��������� �����, ���������������� � ���������� ��������� � ��������� ������� ������� �����  ���������� ��� � ���� ���������   Cult  .";1
VEE3905;"уднахл Vision Extreme VEE3905";18458;"Снасть/Удилища/Vision/Удилища одноручные";"уд.нахл Vision Extreme VEE3905 ";"����� ������ ��������� ��� �������� �������? ����� ������������� ���������� ��� ����� ����? ����� ����������� �������, ������� �������� ����� ������ ������� �����?! ������ �� �����. ����� ���������� ���������� �������  Extreme   ������-�������� ����� &ndash; ��� ����� �� ���� ������! ��������� ��������� �������, ��������, ���������������� - � �� ��� � ����� ���������� ��������. ����� ������ ������������� ��� ����� ������, �������, ������ � ����� ����������, ��� ������� � �����. ����� ��������";udnahl-vision-extreme-vee3905;;"����� ������ ��������� ��� �������� �������? ����� ������������� ���������� ��� ����� ����? ����� ����������� �������, ������� �������� ����� ������ ������� �����?! ������ �� �����. ����� ���������� ���������� �������  Extreme   ������-�������� ����� &ndash; ��� ����� �� ���� ������! ��������� ��������� �������, ��������, ���������������� - � �� ��� � ����� ���������� ��������. ����� ������ ������������� ��� ����� ������, �������, ������ � ����� ����������, ��� ������� � �����. ����� ��������";1
VEE3908;"уднахл Vision Extreme VEE3908";19655;"Снасть/Удилища/Vision/Удилища одноручные";"уд.нахл Vision Extreme VEE3908 ";"����� ������ ��������� ��� �������� �������? ����� ������������� ���������� ��� ����� ����? ����� ����������� �������, ������� �������� ����� ������ ������� �����?! ������ �� �����. ����� ���������� ���������� �������  Extreme   ������-�������� ����� &ndash; ��� ����� �� ���� ������! ��������� ��������� �������, ��������, ���������������� - � �� ��� � ����� ���������� ��������. ����� ������ ������������� ��� ����� ������, �������, ������ � ����� ����������, ��� ������� � �����. ����� ��������";udnahl-vision-extreme-vee3908;;"����� ������ ��������� ��� �������� �������? ����� ������������� ���������� ��� ����� ����? ����� ����������� �������, ������� �������� ����� ������ ������� �����?! ������ �� �����. ����� ���������� ���������� �������  Extreme   ������-�������� ����� &ndash; ��� ����� �� ���� ������! ��������� ��������� �������, ��������, ���������������� - � �� ��� � ����� ���������� ��������. ����� ������ ������������� ��� ����� ������, �������, ������ � ����� ����������, ��� ������� � �����. ����� ��������";1
VG3105;"уднахл Vision GTFour VG3105";15226;"Снасть/Удилища/Vision/Удилища одноручные";"уд.нахл Vision GTFour VG3105 ";"�������� ���������� �������. ���� �� ����� ���� ��� 3 ���� ���������� �����    GT         Four    . ���� ������� ���� �������������� �����, ������������� �� �������    T    -40, ������� ���, ��� �� �� ���� �����. ������ ��������, �� ���������� �� ��������������, ������� ���������� ��� �������, ����������� �� �������� �������, ��� ��������, ��������� ������������. ��� ����������� ��� ����  �� ������ ��������� ����. ���� ����� � �������������� ����� ����� � ����, ����� ���� �������������� ���.";udnahl-vision-gtfour-vg3105;;"�������� ���������� �������. ���� �� ����� ���� ��� 3 ���� ���������� �����    GT         Four    . ���� ������� ���� �������������� �����, ������������� �� �������    T    -40, ������� ���, ��� �� �� ���� �����. ������ ��������, �� ���������� �� ��������������, ������� ���������� ��� �������, ����������� �� �������� �������, ��� ��������, ��������� ������������. ��� ����������� ��� ����  �� ������ ��������� ����. ���� ����� � �������������� ����� ����� � ����, ����� ���� �������������� ���.";1
VG3109;"уднахл Vision GTFour VG3109";13890;"Снасть/Удилища/Vision/Удилища одноручные";"уд.нахл Vision GTFour VG3109 ";"�������� ���������� �������. ���� �� ����� ���� ��� 3 ���� ���������� �����    GT         Four    . ���� ������� ���� �������������� �����, ������������� �� �������    T    -40, ������� ���, ��� �� �� ���� �����. ������ ��������, �� ���������� �� ��������������, ������� ���������� ��� �������, ����������� �� �������� �������, ��� ��������, ��������� ������������. ��� ����������� ��� ����  �� ������ ��������� ����. ���� ����� � �������������� ����� ����� � ����, ����� ���� �������������� ���.";udnahl-vision-gtfour-vg3109;;"�������� ���������� �������. ���� �� ����� ���� ��� 3 ���� ���������� �����    GT         Four    . ���� ������� ���� �������������� �����, ������������� �� �������    T    -40, ������� ���, ��� �� �� ���� �����. ������ ��������, �� ���������� �� ��������������, ������� ���������� ��� �������, ����������� �� �������� �������, ��� ��������, ��������� ������������. ��� ����������� ��� ����  �� ������ ��������� ����. ���� ����� � �������������� ����� ����� � ����, ����� ���� �������������� ���.";1
VP4103;"уднахл Vision Mag VP4103";10643;"Снасть/Удилища/Vision/Удилища одноручные";"уд.нахл Vision Mag VP4103 ";"����� ������� ������� �� ���������� ���� Vision, ��� ������� ������ ��� ����� �����, ������ � ������� �����. ����� �������� �� ���������������� ��������� �������. ����� Vision Mag �������� � ���� 4 9-�������� � 5 10-������� ������ ��������� �������, ��� ��������� ��������� ����������� ��� ����� ������� �����. ����� Vision Mag ���������� �� ����� ����� ������������ �������, ������ &ldquo;��������� ��������&rdquo;, ���������� ���������� ������ � ������������������ ����������.    9-������� Mag ����";udnahl-vision-mag-vp4103;;"����� ������� ������� �� ���������� ���� Vision, ��� ������� ������ ��� ����� �����, ������ � ������� �����. ����� �������� �� ���������������� ��������� �������. ����� Vision Mag �������� � ���� 4 9-�������� � 5 10-������� ������ ��������� �������, ��� ��������� ��������� ����������� ��� ����� ������� �����. ����� Vision Mag ���������� �� ����� ����� ������������ �������, ������ &ldquo;��������� ��������&rdquo;, ���������� ���������� ������ � ������������������ ����������.    9-������� Mag ����";1
VP4104;"уднахл Vision Mag VP4104";10753;"Снасть/Удилища/Vision/Удилища одноручные";"уд.нахл Vision Mag VP4104 ";"����� ������� ������� �� ���������� ���� Vision, ��� ������� ������ ��� ����� �����, ������ � ������� �����. ����� �������� �� ���������������� ��������� �������. ����� Vision Mag �������� � ���� 4 9-�������� � 5 10-������� ������ ��������� �������, ��� ��������� ��������� ����������� ��� ����� ������� �����. ����� Vision Mag ���������� �� ����� ����� ������������ �������, ������ &ldquo;��������� ��������&rdquo;, ���������� ���������� ������ � ������������������ ����������.    9-������� Mag ����";udnahl-vision-mag-vp4104;;"����� ������� ������� �� ���������� ���� Vision, ��� ������� ������ ��� ����� �����, ������ � ������� �����. ����� �������� �� ���������������� ��������� �������. ����� Vision Mag �������� � ���� 4 9-�������� � 5 10-������� ������ ��������� �������, ��� ��������� ��������� ����������� ��� ����� ������� �����. ����� Vision Mag ���������� �� ����� ����� ������������ �������, ������ &ldquo;��������� ��������&rdquo;, ���������� ���������� ������ � ������������������ ����������.    9-������� Mag ����";1
VP4113;"уднахл Vision Mag VP4113";11296;"Снасть/Удилища/Vision/Удилища одноручные";"уд.нахл Vision Mag VP4113 ";"����� ������� ������� �� ���������� ���� Vision, ��� ������� ������ ��� ����� �����, ������ � ������� �����. ����� �������� �� ���������������� ��������� �������. ����� Vision Mag �������� � ���� 4 9-�������� � 5 10-������� ������ ��������� �������, ��� ��������� ��������� ����������� ��� ����� ������� �����. ����� Vision Mag ���������� �� ����� ����� ������������ �������, ������ &ldquo;��������� ��������&rdquo;, ���������� ���������� ������ � ������������������ ����������.    9-������� Mag ����";udnahl-vision-mag-vp4113;;"����� ������� ������� �� ���������� ���� Vision, ��� ������� ������ ��� ����� �����, ������ � ������� �����. ����� �������� �� ���������������� ��������� �������. ����� Vision Mag �������� � ���� 4 9-�������� � 5 10-������� ������ ��������� �������, ��� ��������� ��������� ����������� ��� ����� ������� �����. ����� Vision Mag ���������� �� ����� ����� ������������ �������, ������ &ldquo;��������� ��������&rdquo;, ���������� ���������� ������ � ������������������ ����������.    9-������� Mag ����";1
VP4114;"уднахл Vision Mag VP4114";11296;"Снасть/Удилища/Vision/Удилища одноручные";"уд.нахл Vision Mag VP4114 ";"����� ������� ������� �� ���������� ���� Vision, ��� ������� ������ ��� ����� �����, ������ � ������� �����. ����� �������� �� ���������������� ��������� �������. ����� Vision Mag �������� � ���� 4 9-�������� � 5 10-������� ������ ��������� �������, ��� ��������� ��������� ����������� ��� ����� ������� �����. ����� Vision Mag ���������� �� ����� ����� ������������ �������, ������ &ldquo;��������� ��������&rdquo;, ���������� ���������� ������ � ������������������ ����������.    9-������� Mag ����";udnahl-vision-mag-vp4114;;"����� ������� ������� �� ���������� ���� Vision, ��� ������� ������ ��� ����� �����, ������ � ������� �����. ����� �������� �� ���������������� ��������� �������. ����� Vision Mag �������� � ���� 4 9-�������� � 5 10-������� ������ ��������� �������, ��� ��������� ��������� ����������� ��� ����� ������� �����. ����� Vision Mag ���������� �� ����� ����� ������������ �������, ������ &ldquo;��������� ��������&rdquo;, ���������� ���������� ������ � ������������������ ����������.    9-������� Mag ����";1
VP4903;"уднахл Vision Mag VP4903";10498;"Снасть/Удилища/Vision/Удилища одноручные";"уд.нахл Vision Mag VP4903 ";"����� ������� ������� �� ���������� ���� Vision, ��� ������� ������ ��� ����� �����, ������ � ������� �����. ����� �������� �� ���������������� ��������� �������. ����� Vision Mag �������� � ���� 4 9-�������� � 5 10-������� ������ ��������� �������, ��� ��������� ��������� ����������� ��� ����� ������� �����. ����� Vision Mag ���������� �� ����� ����� ������������ �������, ������ &ldquo;��������� ��������&rdquo;, ���������� ���������� ������ � ������������������ ����������.    9-������� Mag ����";udnahl-vision-mag-vp4903;;"����� ������� ������� �� ���������� ���� Vision, ��� ������� ������ ��� ����� �����, ������ � ������� �����. ����� �������� �� ���������������� ��������� �������. ����� Vision Mag �������� � ���� 4 9-�������� � 5 10-������� ������ ��������� �������, ��� ��������� ��������� ����������� ��� ����� ������� �����. ����� Vision Mag ���������� �� ����� ����� ������������ �������, ������ &ldquo;��������� ��������&rdquo;, ���������� ���������� ������ � ������������������ ����������.    9-������� Mag ����";1
VP4904;"уднахл Vision Mag VP4904";10498;"Снасть/Удилища/Vision/Удилища одноручные";"уд.нахл Vision Mag VP4904 ";"����� ������� ������� �� ���������� ���� Vision, ��� ������� ������ ��� ����� �����, ������ � ������� �����. ����� �������� �� ���������������� ��������� �������. ����� Vision Mag �������� � ���� 4 9-�������� � 5 10-������� ������ ��������� �������, ��� ��������� ��������� ����������� ��� ����� ������� �����. ����� Vision Mag ���������� �� ����� ����� ������������ �������, ������ &ldquo;��������� ��������&rdquo;, ���������� ���������� ������ � ������������������ ����������.    9-������� Mag ����";udnahl-vision-mag-vp4904;;"����� ������� ������� �� ���������� ���� Vision, ��� ������� ������ ��� ����� �����, ������ � ������� �����. ����� �������� �� ���������������� ��������� �������. ����� Vision Mag �������� � ���� 4 9-�������� � 5 10-������� ������ ��������� �������, ��� ��������� ��������� ����������� ��� ����� ������� �����. ����� Vision Mag ���������� �� ����� ����� ������������ �������, ������ &ldquo;��������� ��������&rdquo;, ���������� ���������� ������ � ������������������ ����������.    9-������� Mag ����";1
VP4906;"уднахл Vision Mag VP4906";10613;"Снасть/Удилища/Vision/Удилища одноручные";"уд.нахл Vision Mag VP4906 ";"����� ������� ������� �� ���������� ���� Vision, ��� ������� ������ ��� ����� �����, ������ � ������� �����. ����� �������� �� ���������������� ��������� �������. ����� Vision Mag �������� � ���� 4 9-�������� � 5 10-������� ������ ��������� �������, ��� ��������� ��������� ����������� ��� ����� ������� �����. ����� Vision Mag ���������� �� ����� ����� ������������ �������, ������ &ldquo;��������� ��������&rdquo;, ���������� ���������� ������ � ������������������ ����������.    9-������� Mag ����";udnahl-vision-mag-vp4906;;"����� ������� ������� �� ���������� ���� Vision, ��� ������� ������ ��� ����� �����, ������ � ������� �����. ����� �������� �� ���������������� ��������� �������. ����� Vision Mag �������� � ���� 4 9-�������� � 5 10-������� ������ ��������� �������, ��� ��������� ��������� ����������� ��� ����� ������� �����. ����� Vision Mag ���������� �� ����� ����� ������������ �������, ������ &ldquo;��������� ��������&rdquo;, ���������� ���������� ������ � ������������������ ����������.    9-������� Mag ����";1
VV3967Catapult;"уднахл Vision Nite VV3967";9007;"Снасть/Удилища/Vision/Удилища одноручные";"уд.нахл Vision Nite VV3967 Catapult";;udnahl-vision-nite-vv3967;;;1
VV4105;"уднахл Vision Nite VV4105";9556;"Снасть/Удилища/Vision/Удилища одноручные";"уд.нахл Vision Nite VV4105 ";"��������� ���� ������������ ������ ������ ��������� ����� Nite Catapult, � ������� ��������� 5 ����� �������!!! ��� ��� ������� �� 3 ����� � �������� ������� ������.
���� �� ��� �� ������� � ���� ������, ��������� ���������� �� �����������: ��� ������ �� ����� �������� ��������� 3Zone, � ������, ������� ����� �����������, � ����� �������� ������������� ����� ��� ������, ������������ ��������� �����, �� �������� ������������� ��� ����� ��� � ������� ����, ��� � � �����. 
- 4-������� ������� ���";udnahl-vision-nite-vv4105;;"��������� ���� ������������ ������ ������ ��������� ����� Nite Catapult, � ������� ��������� 5 ����� �������!!! ��� ��� ������� �� 3 ����� � �������� ������� ������.
���� �� ��� �� ������� � ���� ������, ��������� ���������� �� �����������: ��� ������ �� ����� �������� ��������� 3Zone, � ������, ������� ����� �����������, � ����� �������� ������������� ����� ��� ������, ������������ ��������� �����, �� �������� ������������� ��� ����� ��� � ������� ����, ��� � � �����. 
- 4-������� ������� ���";1
VV4704;"уднахл Vision Nite VV4704";7835;"Снасть/Удилища/Vision/Удилища одноручные";"уд.нахл Vision Nite VV4704 ";"��������� ���� ������������ ������ ������ ��������� ����� Nite Catapult, � ������� ��������� 5 ����� �������!!! ��� ��� ������� �� 3 ����� � �������� ������� ������.
���� �� ��� �� ������� � ���� ������, ��������� ���������� �� �����������: ��� ������ �� ����� �������� ��������� 3Zone, � ������, ������� ����� �����������, � ����� �������� ������������� ����� ��� ������, ������������ ��������� �����, �� �������� ������������� ��� ����� ��� � ������� ����, ��� � � �����. 
- 4-������� ������� ���";udnahl-vision-nite-vv4704;;"��������� ���� ������������ ������ ������ ��������� ����� Nite Catapult, � ������� ��������� 5 ����� �������!!! ��� ��� ������� �� 3 ����� � �������� ������� ������.
���� �� ��� �� ������� � ���� ������, ��������� ���������� �� �����������: ��� ������ �� ����� �������� ��������� 3Zone, � ������, ������� ����� �����������, � ����� �������� ������������� ����� ��� ������, ������������ ��������� �����, �� �������� ������������� ��� ����� ��� � ������� ����, ��� � � �����. 
- 4-������� ������� ���";1
VV4865;"уднахл Vision Nite VV4865";8877;"Снасть/Удилища/Vision/Удилища одноручные";"уд.нахл Vision Nite VV4865 ";"��������� ���� ������������ ������ ������ ��������� ����� Nite Catapult, � ������� ��������� 5 ����� �������!!! ��� ��� ������� �� 3 ����� � �������� ������� ������.
���� �� ��� �� ������� � ���� ������, ��������� ���������� �� �����������: ��� ������ �� ����� �������� ��������� 3Zone, � ������, ������� ����� �����������, � ����� �������� ������������� ����� ��� ������, ������������ ��������� �����, �� �������� ������������� ��� ����� ��� � ������� ����, ��� � � �����. 
- 4-������� ������� ���";udnahl-vision-nite-vv4865;;"��������� ���� ������������ ������ ������ ��������� ����� Nite Catapult, � ������� ��������� 5 ����� �������!!! ��� ��� ������� �� 3 ����� � �������� ������� ������.
���� �� ��� �� ������� � ���� ������, ��������� ���������� �� �����������: ��� ������ �� ����� �������� ��������� 3Zone, � ������, ������� ����� �����������, � ����� �������� ������������� ����� ��� ������, ������������ ��������� �����, �� �������� ������������� ��� ����� ��� � ������� ����, ��� � � �����. 
- 4-������� ������� ���";1
VV4905;"уднахл Vision Nite VV4905";9082;"Снасть/Удилища/Vision/Удилища одноручные";"уд.нахл Vision Nite VV4905 ";"��������� ���� ������������ ������ ������ ��������� ����� Nite Catapult, � ������� ��������� 5 ����� �������!!! ��� ��� ������� �� 3 ����� � �������� ������� ������.
���� �� ��� �� ������� � ���� ������, ��������� ���������� �� �����������: ��� ������ �� ����� �������� ��������� 3Zone, � ������, ������� ����� �����������, � ����� �������� ������������� ����� ��� ������, ������������ ��������� �����, �� �������� ������������� ��� ����� ��� � ������� ����, ��� � � �����. 
- 4-������� ������� ���";udnahl-vision-nite-vv4905;;"��������� ���� ������������ ������ ������ ��������� ����� Nite Catapult, � ������� ��������� 5 ����� �������!!! ��� ��� ������� �� 3 ����� � �������� ������� ������.
���� �� ��� �� ������� � ���� ������, ��������� ���������� �� �����������: ��� ������ �� ����� �������� ��������� 3Zone, � ������, ������� ����� �����������, � ����� �������� ������������� ����� ��� ������, ������������ ��������� �����, �� �������� ������������� ��� ����� ��� � ������� ����, ��� � � �����. 
- 4-������� ������� ���";1
VV4906;"уднахл Vision Nite VV4906";9221;"Снасть/Удилища/Vision/Удилища одноручные";"уд.нахл Vision Nite VV4906 ";"��������� ���� ������������ ������ ������ ��������� ����� Nite Catapult, � ������� ��������� 5 ����� �������!!! ��� ��� ������� �� 3 ����� � �������� ������� ������.
���� �� ��� �� ������� � ���� ������, ��������� ���������� �� �����������: ��� ������ �� ����� �������� ��������� 3Zone, � ������, ������� ����� �����������, � ����� �������� ������������� ����� ��� ������, ������������ ��������� �����, �� �������� ������������� ��� ����� ��� � ������� ����, ��� � � �����. 
- 4-������� ������� ���";udnahl-vision-nite-vv4906;;"��������� ���� ������������ ������ ������ ��������� ����� Nite Catapult, � ������� ��������� 5 ����� �������!!! ��� ��� ������� �� 3 ����� � �������� ������� ������.
���� �� ��� �� ������� � ���� ������, ��������� ���������� �� �����������: ��� ������ �� ����� �������� ��������� 3Zone, � ������, ������� ����� �����������, � ����� �������� ������������� ����� ��� ������, ������������ ��������� �����, �� �������� ������������� ��� ����� ��� � ������� ����, ��� � � �����. 
- 4-������� ������� ���";1
VV4907;"уднахл Vision Nite VV4907";8947;"Снасть/Удилища/Vision/Удилища одноручные";"уд.нахл Vision Nite VV4907 ";"";udnahl-vision-nite-vv4907;;"";1
VVZ3106Catapult;"уднахл Vision Nite VVZ3106";9042;"Снасть/Удилища/Vision/Удилища одноручные";"уд.нахл Vision Nite VVZ3106 Catapult";"��������� ���� ������������ ������ ������ ��������� ����� Nite Catapult, � ������� ��������� 5 ����� �������!!! ��� ��� ������� �� 3 ����� � �������� ������� ������.
���� �� ��� �� ������� � ���� ������, ��������� ���������� �� �����������: ��� ������ �� ����� �������� ��������� 3Zone, � ������, ������� ����� �����������, � ����� �������� ������������� ����� ��� ������, ������������ ��������� �����, �� �������� ������������� ��� ����� ��� � ������� ����, ��� � � �����. 
- 4-������� ������� ���";udnahl-vision-nite-vvz3106;;"��������� ���� ������������ ������ ������ ��������� ����� Nite Catapult, � ������� ��������� 5 ����� �������!!! ��� ��� ������� �� 3 ����� � �������� ������� ������.
���� �� ��� �� ������� � ���� ������, ��������� ���������� �� �����������: ��� ������ �� ����� �������� ��������� 3Zone, � ������, ������� ����� �����������, � ����� �������� ������������� ����� ��� ������, ������������ ��������� �����, �� �������� ������������� ��� ����� ��� � ������� ����, ��� � � �����. 
- 4-������� ������� ���";1
VVZ3107Catapult;"уднахл Vision Nite VVZ3107";9042;"Снасть/Удилища/Vision/Удилища одноручные";"уд.нахл Vision Nite VVZ3107 Catapult";"��������� ���� ������������ ������ ������ ��������� ����� Nite Catapult, � ������� ��������� 5 ����� �������!!! ��� ��� ������� �� 3 ����� � �������� ������� ������.
���� �� ��� �� ������� � ���� ������, ��������� ���������� �� �����������: ��� ������ �� ����� �������� ��������� 3Zone, � ������, ������� ����� �����������, � ����� �������� ������������� ����� ��� ������, ������������ ��������� �����, �� �������� ������������� ��� ����� ��� � ������� ����, ��� � � �����. 
- 4-������� ������� ���";udnahl-vision-nite-vvz3107;;"��������� ���� ������������ ������ ������ ��������� ����� Nite Catapult, � ������� ��������� 5 ����� �������!!! ��� ��� ������� �� 3 ����� � �������� ������� ������.
���� �� ��� �� ������� � ���� ������, ��������� ���������� �� �����������: ��� ������ �� ����� �������� ��������� 3Zone, � ������, ������� ����� �����������, � ����� �������� ������������� ����� ��� ������, ������������ ��������� �����, �� �������� ������������� ��� ����� ��� � ������� ����, ��� � � �����. 
- 4-������� ������� ���";1
VPU4107;"уднахл Vision VPU4107";7566;"Снасть/Удилища/Vision/Удилища одноручные";"уд.нахл Vision VPU4107 ";"�� ������, ��� Vipu (� �����. �����) &ndash; ��� ������ ��� ��� ����� ����� ������, ������ ��� ����  ��� �������� ������ ���� ����� ��������� ����� ������� ������ �� �������� � �������� ���������. ������ ����� � ������-������� ����� ������ ��� ������� �������������� ��� ����������� ��������. ���� ����� ������� � ������������: Vision Vipu &ndash; �������, � �������, ��� ��������� ��������, ����������  �������� ��������� � ����������������, �  ��� ���� ����� ������ ���������. ����� �������� � ����";udnahl-vision-vpu4107;;"�� ������, ��� Vipu (� �����. �����) &ndash; ��� ������ ��� ��� ����� ����� ������, ������ ��� ����  ��� �������� ������ ���� ����� ��������� ����� ������� ������ �� �������� � �������� ���������. ������ ����� � ������-������� ����� ������ ��� ������� �������������� ��� ����������� ��������. ���� ����� ������� � ������������: Vision Vipu &ndash; �������, � �������, ��� ��������� ��������, ����������  �������� ��������� � ����������������, �  ��� ���� ����� ������ ���������. ����� �������� � ����";1
VPU4763;"уднахл Vision VPU4763";6568;"Снасть/Удилища/Vision/Удилища одноручные";"уд.нахл Vision VPU4763 ";"�� ������, ��� Vipu (� �����. �����) &ndash; ��� ������ ��� ��� ����� ����� ������, ������ ��� ����  ��� �������� ������ ���� ����� ��������� ����� ������� ������ �� �������� � �������� ���������. ������ ����� � ������-������� ����� ������ ��� ������� �������������� ��� ����������� ��������. ���� ����� ������� � ������������: Vision Vipu &ndash; �������, � �������, ��� ��������� ��������, ����������  �������� ��������� � ����������������, �  ��� ���� ����� ������ ���������. ����� �������� � ����";udnahl-vision-vpu4763;;"�� ������, ��� Vipu (� �����. �����) &ndash; ��� ������ ��� ��� ����� ����� ������, ������ ��� ����  ��� �������� ������ ���� ����� ��������� ����� ������� ������ �� �������� � �������� ���������. ������ ����� � ������-������� ����� ������ ��� ������� �������������� ��� ����������� ��������. ���� ����� ������� � ������������: Vision Vipu &ndash; �������, � �������, ��� ��������� ��������, ����������  �������� ��������� � ����������������, �  ��� ���� ����� ������ ���������. ����� �������� � ����";1
VPU4865;"уднахл Vision VPU4865";6693;"Снасть/Удилища/Vision/Удилища одноручные";"уд.нахл Vision VPU4865 ";"�� ������, ��� Vipu (� �����. �����) &ndash; ��� ������ ��� ��� ����� ����� ������, ������ ��� ����  ��� �������� ������ ���� ����� ��������� ����� ������� ������ �� �������� � �������� ���������. ������ ����� � ������-������� ����� ������ ��� ������� �������������� ��� ����������� ��������. ���� ����� ������� � ������������: Vision Vipu &ndash; �������, � �������, ��� ��������� ��������, ����������  �������� ��������� � ����������������, �  ��� ���� ����� ������ ���������. ����� �������� � ����";udnahl-vision-vpu4865;;"�� ������, ��� Vipu (� �����. �����) &ndash; ��� ������ ��� ��� ����� ����� ������, ������ ��� ����  ��� �������� ������ ���� ����� ��������� ����� ������� ������ �� �������� � �������� ���������. ������ ����� � ������-������� ����� ������ ��� ������� �������������� ��� ����������� ��������. ���� ����� ������� � ������������: Vision Vipu &ndash; �������, � �������, ��� ��������� ��������, ����������  �������� ��������� � ����������������, �  ��� ���� ����� ������ ���������. ����� �������� � ����";1
VPU4905;"уднахл Vision VPU4905";6703;"Снасть/Удилища/Vision/Удилища одноручные";"уд.нахл Vision VPU4905 ";"�� ������, ��� Vipu (� �����. �����) &ndash; ��� ������ ��� ��� ����� ����� ������, ������ ��� ����  ��� �������� ������ ���� ����� ��������� ����� ������� ������ �� �������� � �������� ���������. ������ ����� � ������-������� ����� ������ ��� ������� �������������� ��� ����������� ��������. ���� ����� ������� � ������������: Vision Vipu &ndash; �������, � �������, ��� ��������� ��������, ����������  �������� ��������� � ����������������, �  ��� ���� ����� ������ ���������. ����� �������� � ����";udnahl-vision-vpu4905;;"�� ������, ��� Vipu (� �����. �����) &ndash; ��� ������ ��� ��� ����� ����� ������, ������ ��� ����  ��� �������� ������ ���� ����� ��������� ����� ������� ������ �� �������� � �������� ���������. ������ ����� � ������-������� ����� ������ ��� ������� �������������� ��� ����������� ��������. ���� ����� ������� � ������������: Vision Vipu &ndash; �������, � �������, ��� ��������� ��������, ����������  �������� ��������� � ����������������, �  ��� ���� ����� ������ ���������. ����� �������� � ����";1
VPU4963Competition;"уднахл Vision VPU4963";7196;"Снасть/Удилища/Vision/Удилища одноручные";"уд.нахл Vision VPU4963 Competition";"�� ������, ��� Vipu (� �����. �����) &ndash; ��� ������ ��� ��� ����� ����� ������, ������ ��� ����  ��� �������� ������ ���� ����� ��������� ����� ������� ������ �� �������� � �������� ���������. ������ ����� � ������-������� ����� ������ ��� ������� �������������� ��� ����������� ��������. ���� ����� ������� � ������������: Vision Vipu &ndash; �������, � �������, ��� ��������� ��������, ����������  �������� ��������� � ����������������, �  ��� ���� ����� ������ ���������. ����� �������� � ����";udnahl-vision-vpu4963;;"�� ������, ��� Vipu (� �����. �����) &ndash; ��� ������ ��� ��� ����� ����� ������, ������ ��� ����  ��� �������� ������ ���� ����� ��������� ����� ������� ������ �� �������� � �������� ���������. ������ ����� � ������-������� ����� ������ ��� ������� �������������� ��� ����������� ��������. ���� ����� ������� � ������������: Vision Vipu &ndash; �������, � �������, ��� ��������� ��������, ����������  �������� ��������� � ����������������, �  ��� ���� ����� ������ ���������. ����� �������� � ����";1
VPU4967;"уднахл Vision VPU4967";6822;"Снасть/Удилища/Vision/Удилища одноручные";"уд.нахл Vision VPU4967 ";"�� ������, ��� Vipu (� �����. �����) &ndash; ��� ������ ��� ��� ����� ����� ������, ������ ��� ����  ��� �������� ������ ���� ����� ��������� ����� ������� ������ �� �������� � �������� ���������. ������ ����� � ������-������� ����� ������ ��� ������� �������������� ��� ����������� ��������. ���� ����� ������� � ������������: Vision Vipu &ndash; �������, � �������, ��� ��������� ��������, ����������  �������� ��������� � ����������������, �  ��� ���� ����� ������ ���������. ����� �������� � ����";udnahl-vision-vpu4967;;"�� ������, ��� Vipu (� �����. �����) &ndash; ��� ������ ��� ��� ����� ����� ������, ������ ��� ����  ��� �������� ������ ���� ����� ��������� ����� ������� ������ �� �������� � �������� ���������. ������ ����� � ������-������� ����� ������ ��� ������� �������������� ��� ����������� ��������. ���� ����� ������� � ������������: Vision Vipu &ndash; �������, � �������, ��� ��������� ��������, ����������  �������� ��������� � ����������������, �  ��� ���� ����� ������ ���������. ����� �������� � ����";1
VU4126DH;"уднахл Vision Cult VU4126";20927;"Снасть/Удилища/Vision/Удилища двуручные";"уд.нахл Vision Cult VU4126 DH";"�, ��. ��� ���. � ������� ������ �������� �� ����� ���� ������� ���� ���������� ������� ����� Cult, ������� �� ������, ��� � ������, ��������� �����������. � ��������� ���� ����� �� ������, ������� �� �������, ����������� ���� � ����� ����, ��� � ��������� ���������� ����. �� ���������� ��� 6 ������ � �������� ������ ������, ������� � ������ � Spey � Skagit �������. ��� ��� 4-�������� � ������������ ������.          6 �������;      ������ �����;      ������ �������� �� Spey ������� � �������� Sk";udnahl-vision-cult-vu4126;;"�, ��. ��� ���. � ������� ������ �������� �� ����� ���� ������� ���� ���������� ������� ����� Cult, ������� �� ������, ��� � ������, ��������� �����������. � ��������� ���� ����� �� ������, ������� �� �������, ����������� ���� � ����� ����, ��� � ��������� ���������� ����. �� ���������� ��� 6 ������ � �������� ������ ������, ������� � ������ � Spey � Skagit �������. ��� ��� 4-�������� � ������������ ������.          6 �������;      ������ �����;      ������ �������� �� Spey ������� � �������� Sk";1
VU4139DH;"уднахл Vision Cult VU4139";23516;"Снасть/Удилища/Vision/Удилища двуручные";"уд.нахл Vision Cult VU4139 DH";"�, ��. ��� ���. � ������� ������ �������� �� ����� ���� ������� ���� ���������� ������� ����� Cult, ������� �� ������, ��� � ������, ��������� �����������. � ��������� ���� ����� �� ������, ������� �� �������, ����������� ���� � ����� ����, ��� � ��������� ���������� ����. �� ���������� ��� 6 ������ � �������� ������ ������, ������� � ������ � Spey � Skagit �������. ��� ��� 4-�������� � ������������ ������.          6 �������;      ������ �����;      ������ �������� �� Spey ������� � �������� Sk";udnahl-vision-cult-vu4139;;"�, ��. ��� ���. � ������� ������ �������� �� ����� ���� ������� ���� ���������� ������� ����� Cult, ������� �� ������, ��� � ������, ��������� �����������. � ��������� ���� ����� �� ������, ������� �� �������, ����������� ���� � ����� ����, ��� � ��������� ���������� ����. �� ���������� ��� 6 ������ � �������� ������ ������, ������� � ������ � Spey � Skagit �������. ��� ��� 4-�������� � ������������ ������.          6 �������;      ������ �����;      ������ �������� �� Spey ������� � �������� Sk";1
VC41510Catapult;"уднахл Vision Nite VC41510";20059;"Снасть/Удилища/Vision/Удилища двуручные";"уд.нахл Vision Nite VC41510 Catapult";;udnahl-vision-nite-vc41510;;;1
VX615DH;"уднахл Vision Siks 15'2 #10 VX615";34483;"Снасть/Удилища/Vision/Удилища двуручные";"уд.нахл Vision Siks 15'2 #10 VX615 DH";;udnahl-vision-siks-152-#10-vx615;;;1
VTT110;"тубус Vision VTT110";2763;"Снасть/Удилища/Тубусы/Vision";"тубус Vision VTT110 ";"��� ����� ��� ���, ��� ��������� ���������� �������� � ����� ����� ��������� ������ � ����� ������. �� ����������� � ���� ��������: 82��, 110 �� � 140 �� (������ ������������� ������������ ����� ������), ���������� ������� 10�������� ������, ������������ ������ �� �����, �������� ��� �������� ����� � ����� �������� �������� � ����� ������. ������  ������ �����   YKK  .";tubus-vision-vtt110;;"��� ����� ��� ���, ��� ��������� ���������� �������� � ����� ����� ��������� ������ � ����� ������. �� ����������� � ���� ��������: 82��, 110 �� � 140 �� (������ ������������� ������������ ����� ������), ���������� ������� 10�������� ������, ������������ ������ �� �����, �������� ��� �������� ����� � ����� �������� �������� � ����� ������. ������  ������ �����   YKK  .";1
VTT140;"тубус Vision VTT140";3067;"Снасть/Удилища/Тубусы/Vision";"тубус Vision VTT140 ";"��� ����� ��� ���, ��� ��������� ���������� �������� � ����� ����� ��������� ������ � ����� ������. �� ����������� � ���� ��������: 82��, 110 �� � 140 �� (������ ������������� ������������ ����� ������), ���������� ������� 10�������� ������, ������������ ������ �� �����, �������� ��� �������� ����� � ����� �������� �������� � ����� ������. ������  ������ �����   YKK  .";tubus-vision-vtt140;;"��� ����� ��� ���, ��� ��������� ���������� �������� � ����� ����� ��������� ������ � ����� ������. �� ����������� � ���� ��������: 82��, 110 �� � 140 �� (������ ������������� ������������ ����� ������), ���������� ������� 10�������� ������, ������������ ������ �� �����, �������� ��� �������� ����� � ����� �������� �������� � ����� ������. ������  ������ �����   YKK  .";1
VTT82;"тубус Vision VTT82";2448;"Снасть/Удилища/Тубусы/Vision";"тубус Vision VTT82 ";"��� ����� ��� ���, ��� ��������� ���������� �������� � ����� ����� ��������� ������ � ����� ������. �� ����������� � ���� ��������: 82��, 110 �� � 140 �� (������ ������������� ������������ ����� ������), ���������� ������� 10�������� ������, ������������ ������ �� �����, �������� ��� �������� ����� � ����� �������� �������� � ����� ������. ������  ������ �����   YKK  .";tubus-vision-vtt82;;"��� ����� ��� ���, ��� ��������� ���������� �������� � ����� ����� ��������� ������ � ����� ������. �� ����������� � ���� ��������: 82��, 110 �� � 140 �� (������ ������������� ������������ ����� ������), ���������� ������� 10�������� ������, ������������ ������ �� �����, �������� ��� �������� ����� � ����� �������� �������� � ����� ������. ������  ������ �����   YKK  .";1
VTTR74;"тубус Vision VTTR74";1511;"Снасть/Удилища/Тубусы/Vision";"тубус Vision VTTR74 ";"2 ����� ������ ������ ��� ������� � �������� �������� ����� ��� ����������� ����� �������� � ����� ������. ����� ������� ������� � ������ ��� ������ �� ������. ����� ��� ��������� � ������ ��� �������� ��������. ��� �����: 74 �� ( ��� 4-� ������� ������� ������ �� 9 �����+�������) � 95 �� (��� 3-� ������� ������� ������ �� 9 �����+�������). ������ - ������� � ������������ YKK.";tubus-vision-vttr74;;"2 ����� ������ ������ ��� ������� � �������� �������� ����� ��� ����������� ����� �������� � ����� ������. ����� ������� ������� � ������ ��� ������ �� ������. ����� ��� ��������� � ������ ��� �������� ��������. ��� �����: 74 �� ( ��� 4-� ������� ������� ������ �� 9 �����+�������) � 95 �� (��� 3-� ������� ������� ������ �� 9 �����+�������). ������ - ������� � ������������ YKK.";1
VTTR95;"тубус Vision VTTR95";1541;"Снасть/Удилища/Тубусы/Vision";"тубус Vision VTTR95 ";"2 ����� ������ ������ ��� ������� � �������� �������� ����� ��� ����������� ����� �������� � ����� ������. ����� ������� ������� � ������ ��� ������ �� ������. ����� ��� ��������� � ������ ��� �������� ��������. ��� �����: 74 �� ( ��� 4-� ������� ������� ������ �� 9 �����+�������) � 95 �� (��� 3-� ������� ������� ������ �� 9 �����+�������). ������ - ������� � ������������ YKK.";tubus-vision-vttr95;;"2 ����� ������ ������ ��� ������� � �������� �������� ����� ��� ����������� ����� �������� � ����� ������. ����� ������� ������� � ������ ��� ������ �� ������. ����� ��� ��������� � ������ ��� �������� ��������. ��� �����: 74 �� ( ��� 4-� ������� ������� ������ �� 9 �����+�������) � 95 �� (��� 3-� ������� ������� ������ �� 9 �����+�������). ������ - ������� � ������������ YKK.";1
KLA24;"катушка KEEPER KLA24";2104;"Снасть/Катушки/Vision";"катушка KEEPER KLA24 ";"";katushka-keeper-kla24;;"";1
KLA46;"катушка KEEPER KLA46";2304;"Снасть/Катушки/Vision";"катушка KEEPER KLA46 ";"";katushka-keeper-kla46;;"";1
KLA79;"катушка KEEPER KLA79";2488;"Снасть/Катушки/Vision";"катушка KEEPER KLA79 ";"";katushka-keeper-kla79;;"";1
VAL34;"катушка Vision VAL34";13476;"Снасть/Катушки/Vision";"катушка Vision VAL34 ";"��� �������, ��� ������������ ������� �� ����� ���� �������� � �������? ���� ����� ������� CDC ����� ��� ������� ���� ��� ������ ����������. ������������ ��������� ������ ����� ��������� ��������� �����, ��� �� ������� ������������ ���� ����� ������ ��������. ��������� ������� ����������� �� ������� �����. ����� ��������   ����������� ������������.  CDC &ndash; ��� ������� ��� �������� ��������� �����. ��������� ������� ����������� ��������.";katushka-vision-val34;;"��� �������, ��� ������������ ������� �� ����� ���� �������� � �������? ���� ����� ������� CDC ����� ��� ������� ���� ��� ������ ����������. ������������ ��������� ������ ����� ��������� ��������� �����, ��� �� ������� ������������ ���� ����� ������ ��������. ��������� ������� ����������� �� ������� �����. ����� ��������   ����������� ������������.  CDC &ndash; ��� ������� ��� �������� ��������� �����. ��������� ������� ����������� ��������.";1
RENFORS;"катушка Vision VCC79 RENFORS";20079;"Снасть/Катушки/Vision";"катушка Vision VCC79 RENFORS ";"";katushka-vision-vcc79-renfors;;"";1
DEEPB;"катушка Vision VD56 DEEP";3206;"Снасть/Катушки/Vision";"катушка Vision VD56 DEEP B";;katushka-vision-vd56-deep;;;1
VG11;"катушка Vision VG11";9770;"Снасть/Катушки/Vision";"катушка Vision VG11 ";"������� GT  � ������� ������������� ����������� ������������ �������� �� ������������������� ��������. ������� GT ������ ����������. �������������, ��� ��� ���������� ������������� � ���������. ��������� ��� ���������� � ��������� GT24 � ������������� �������� 11 �������. � ���� ���� �������� ���������  ��������� �������, � ����� ��������� �������  ������ ������� 5/6. ��� ������ ����������� ����� ��������� 4/5 � 6/7 ��������, �������, ������, ����� �����, ��������� ������������������ �����������";katushka-vision-vg11;;"������� GT  � ������� ������������� ����������� ������������ �������� �� ������������������� ��������. ������� GT ������ ����������. �������������, ��� ��� ���������� ������������� � ���������. ��������� ��� ���������� � ��������� GT24 � ������������� �������� 11 �������. � ���� ���� �������� ���������  ��������� �������, � ����� ��������� �������  ������ ������� 5/6. ��� ������ ����������� ����� ��������� 4/5 � 6/7 ��������, �������, ������, ����� �����, ��������� ������������������ �����������";1
VG24;"катушка Vision VG24";7167;"Снасть/Катушки/Vision";"катушка Vision VG24 ";"������� GT  � ������� ������������� ����������� ������������ �������� �� ������������������� ��������. ������� GT ������ ����������. �������������, ��� ��� ���������� ������������� � ���������. ��������� ��� ���������� � ��������� GT24 � ������������� �������� 11 �������. � ���� ���� �������� ���������  ��������� �������, � ����� ��������� �������  ������ ������� 5/6. ��� ������ ����������� ����� ��������� 4/5 � 6/7 ��������, �������, ������, ����� �����, ��������� ������������������ �����������";katushka-vision-vg24;;"������� GT  � ������� ������������� ����������� ������������ �������� �� ������������������� ��������. ������� GT ������ ����������. �������������, ��� ��� ���������� ������������� � ���������. ��������� ��� ���������� � ��������� GT24 � ������������� �������� 11 �������. � ���� ���� �������� ���������  ��������� �������, � ����� ��������� �������  ������ ������� 5/6. ��� ������ ����������� ����� ��������� 4/5 � 6/7 ��������, �������, ������, ����� �����, ��������� ������������������ �����������";1
VG45;"катушка Vision VG45";8693;"Снасть/Катушки/Vision";"катушка Vision VG45 ";"������� GT  � ������� ������������� ����������� ������������ �������� �� ������������������� ��������. ������� GT ������ ����������. �������������, ��� ��� ���������� ������������� � ���������. ��������� ��� ���������� � ��������� GT24 � ������������� �������� 11 �������. � ���� ���� �������� ���������  ��������� �������, � ����� ��������� �������  ������ ������� 5/6. ��� ������ ����������� ����� ��������� 4/5 � 6/7 ��������, �������, ������, ����� �����, ��������� ������������������ �����������";katushka-vision-vg45;;"������� GT  � ������� ������������� ����������� ������������ �������� �� ������������������� ��������. ������� GT ������ ����������. �������������, ��� ��� ���������� ������������� � ���������. ��������� ��� ���������� � ��������� GT24 � ������������� �������� 11 �������. � ���� ���� �������� ���������  ��������� �������, � ����� ��������� �������  ������ ������� 5/6. ��� ������ ����������� ����� ��������� 4/5 � 6/7 ��������, �������, ������, ����� �����, ��������� ������������������ �����������";1
VG56;"катушка Vision VG56";8832;"Снасть/Катушки/Vision";"катушка Vision VG56 ";"������� GT  � ������� ������������� ����������� ������������ �������� �� ������������������� ��������. ������� GT ������ ����������. �������������, ��� ��� ���������� ������������� � ���������. ��������� ��� ���������� � ��������� GT24 � ������������� �������� 11 �������. � ���� ���� �������� ���������  ��������� �������, � ����� ��������� �������  ������ ������� 5/6. ��� ������ ����������� ����� ��������� 4/5 � 6/7 ��������, �������, ������, ����� �����, ��������� ������������������ �����������";katushka-vision-vg56;;"������� GT  � ������� ������������� ����������� ������������ �������� �� ������������������� ��������. ������� GT ������ ����������. �������������, ��� ��� ���������� ������������� � ���������. ��������� ��� ���������� � ��������� GT24 � ������������� �������� 11 �������. � ���� ���� �������� ���������  ��������� �������, � ����� ��������� �������  ������ ������� 5/6. ��� ������ ����������� ����� ��������� 4/5 � 6/7 ��������, �������, ������, ����� �����, ��������� ������������������ �����������";1
VG79;"катушка Vision VG79";9241;"Снасть/Катушки/Vision";"катушка Vision VG79 ";"������� GT  � ������� ������������� ����������� ������������ �������� �� ������������������� ��������. ������� GT ������ ����������. �������������, ��� ��� ���������� ������������� � ���������. ��������� ��� ���������� � ��������� GT24 � ������������� �������� 11 �������. � ���� ���� �������� ���������  ��������� �������, � ����� ��������� �������  ������ ������� 5/6. ��� ������ ����������� ����� ��������� 4/5 � 6/7 ��������, �������, ������, ����� �����, ��������� ������������������ �����������";katushka-vision-vg79;;"������� GT  � ������� ������������� ����������� ������������ �������� �� ������������������� ��������. ������� GT ������ ����������. �������������, ��� ��� ���������� ������������� � ���������. ��������� ��� ���������� � ��������� GT24 � ������������� �������� 11 �������. � ���� ���� �������� ���������  ��������� �������, � ����� ��������� �������  ������ ������� 5/6. ��� ������ ����������� ����� ��������� 4/5 � 6/7 ��������, �������, ������, ����� �����, ��������� ������������������ �����������";1
KOMA;"катушка Vision VK56B KOMA";3546;"Снасть/Катушки/Vision";"катушка Vision VK56B KOMA ";"";katushka-vision-vk56b-koma;;"";1
KOMA;"катушка Vision VK56P KOMA";4743;"Снасть/Катушки/Vision";"катушка Vision VK56P KOMA ";"";katushka-vision-vk56p-koma;;"";1
KOMA;"катушка Vision VK67B KOMA";3765;"Снасть/Катушки/Vision";"катушка Vision VK67B KOMA ";"";katushka-vision-vk67b-koma;;"";1
KOMA;"катушка Vision VK78B KOMA";3765;"Снасть/Катушки/Vision";"катушка Vision VK78B KOMA ";"";katushka-vision-vk78b-koma;;"";1
KOMA;"катушка Vision VK78P KOMA";4927;"Снасть/Катушки/Vision";"катушка Vision VK78P KOMA ";"";katushka-vision-vk78p-koma;;"";1
KASETTE;"катушка Vision VKC78B KOMA KASETTE";5835;"Снасть/Катушки/Vision";"катушка Vision VKC78B KOMA KASETTE ";"";katushka-vision-vkc78b-koma-kasette;;"";1
VLA11H;"катушка Vision VLA11H";18349;"Снасть/Катушки/Vision";"катушка Vision VLA11H ";"���������� ��� �������, � ��� ������ ��� ��� ����������� ���������� ������������ �� ��� �����.  ��������� ������� � &ldquo;������� ��  ������� (� ����)&rdquo;, ������ ��������� ����������� �������� � ������� ������� ����� �����.  � ���� ���� �� �������� � ������� ����� ��������� ������������� ��������. ����� ������ �������: ����� �������� �������, ����� ����� ����� � ����������� �����������  � �������� 6/7 � 9/10.";katushka-vision-vla11h;;"���������� ��� �������, � ��� ������ ��� ��� ����������� ���������� ������������ �� ��� �����.  ��������� ������� � &ldquo;������� ��  ������� (� ����)&rdquo;, ������ ��������� ����������� �������� � ������� ������� ����� �����.  � ���� ���� �� �������� � ������� ����� ��������� ������������� ��������. ����� ������ �������: ����� �������� �������, ����� ����� ����� � ����������� �����������  � �������� 6/7 � 9/10.";1
VLA45H;"катушка Vision VLA45H";15376;"Снасть/Катушки/Vision";"катушка Vision VLA45H ";"���������� ��� �������, � ��� ������ ��� ��� ����������� ���������� ������������ �� ��� �����.  ��������� ������� � &ldquo;������� ��  ������� (� ����)&rdquo;, ������ ��������� ����������� �������� � ������� ������� ����� �����.  � ���� ���� �� �������� � ������� ����� ��������� ������������� ��������. ����� ������ �������: ����� �������� �������, ����� ����� ����� � ����������� �����������  � �������� 6/7 � 9/10.";katushka-vision-vla45h;;"���������� ��� �������, � ��� ������ ��� ��� ����������� ���������� ������������ �� ��� �����.  ��������� ������� � &ldquo;������� ��  ������� (� ����)&rdquo;, ������ ��������� ����������� �������� � ������� ������� ����� �����.  � ���� ���� �� �������� � ������� ����� ��������� ������������� ��������. ����� ������ �������: ����� �������� �������, ����� ����� ����� � ����������� �����������  � �������� 6/7 � 9/10.";1
VLA56H;"катушка Vision VLA56H";15376;"Снасть/Катушки/Vision";"катушка Vision VLA56H ";"���������� ��� �������, � ��� ������ ��� ��� ����������� ���������� ������������ �� ��� �����.  ��������� ������� � &ldquo;������� ��  ������� (� ����)&rdquo;, ������ ��������� ����������� �������� � ������� ������� ����� �����.  � ���� ���� �� �������� � ������� ����� ��������� ������������� ��������. ����� ������ �������: ����� �������� �������, ����� ����� ����� � ����������� �����������  � �������� 6/7 � 9/10.";katushka-vision-vla56h;;"���������� ��� �������, � ��� ������ ��� ��� ����������� ���������� ������������ �� ��� �����.  ��������� ������� � &ldquo;������� ��  ������� (� ����)&rdquo;, ������ ��������� ����������� �������� � ������� ������� ����� �����.  � ���� ���� �� �������� � ������� ����� ��������� ������������� ��������. ����� ������ �������: ����� �������� �������, ����� ����� ����� � ����������� �����������  � �������� 6/7 � 9/10.";1
VLA67H;"катушка Vision VLA67H";16074;"Снасть/Катушки/Vision";"катушка Vision VLA67H ";"���������� ��� �������, � ��� ������ ��� ��� ����������� ���������� ������������ �� ��� �����.  ��������� ������� � &ldquo;������� ��  ������� (� ����)&rdquo;, ������ ��������� ����������� �������� � ������� ������� ����� �����.  � ���� ���� �� �������� � ������� ����� ��������� ������������� ��������. ����� ������ �������: ����� �������� �������, ����� ����� ����� � ����������� �����������  � �������� 6/7 � 9/10.";katushka-vision-vla67h;;"���������� ��� �������, � ��� ������ ��� ��� ����������� ���������� ������������ �� ��� �����.  ��������� ������� � &ldquo;������� ��  ������� (� ����)&rdquo;, ������ ��������� ����������� �������� � ������� ������� ����� �����.  � ���� ���� �� �������� � ������� ����� ��������� ������������� ��������. ����� ������ �������: ����� �������� �������, ����� ����� ����� � ����������� �����������  � �������� 6/7 � 9/10.";1
VLB45;"катушка Vision VLB45";10140;"Снасть/Катушки/Vision";"катушка Vision VLB45 ";"���������� �� ���������� � ��������    XLA     ��������� �������, ������� Vision    XLB     �������� ����������� ������. �� �� �������� ��������� �����������. �� ������ ������� ������ ���������������� ������� � ���������� ��������� ��������.";katushka-vision-vlb45;;"���������� �� ���������� � ��������    XLA     ��������� �������, ������� Vision    XLB     �������� ����������� ������. �� �� �������� ��������� �����������. �� ������ ������� ������ ���������������� ������� � ���������� ��������� ��������.";1
VLB67;"катушка Vision VLB67";10912;"Снасть/Катушки/Vision";"катушка Vision VLB67 ";"���������� �� ���������� � ��������    XLA     ��������� �������, ������� Vision    XLB     �������� ����������� ������. �� �� �������� ��������� �����������. �� ������ ������� ������ ���������������� ������� � ���������� ��������� ��������.";katushka-vision-vlb67;;"���������� �� ���������� � ��������    XLA     ��������� �������, ������� Vision    XLB     �������� ����������� ������. �� �� �������� ��������� �����������. �� ������ ������� ������ ���������������� ������� � ���������� ��������� ��������.";1
VV1113;"катушка Vision VV1113";22363;"Снасть/Катушки/Vision";"катушка Vision VV1113 ";"";katushka-vision-vv1113;;"";1
VV79;"катушка Vision VV79";22363;"Снасть/Катушки/Vision";"катушка Vision VV79 ";"������ ��������, ��� ��� ��������� ��������� �����������, ��� ���� �� ����� ���� �������. ������, ��� ���. ��������������� �������� Variovers ��������� ������� ���������� �������������� ��������� ������� �������. � ������ ��������� ����� �� ������������� ����, ��������� ��������� �� ��� �������.   - ��������������� �������� Varioverse;     - ����������� ����������� ������ �� �������/����������� �����;     - ��������� ������� � ������������ ��������������� ��������� � ����������� ��������;     - ";katushka-vision-vv79;;"������ ��������, ��� ��� ��������� ��������� �����������, ��� ���� �� ����� ���� �������. ������, ��� ���. ��������������� �������� Variovers ��������� ������� ���������� �������������� ��������� ������� �������. � ������ ��������� ����� �� ������������� ����, ��������� ��������� �� ��� �������.   - ��������������� �������� Varioverse;     - ����������� ����������� ������ �� �������/����������� �����;     - ��������� ������� � ������������ ��������������� ��������� � ����������� ��������;     - ";1
VK67-001;"шпуля Vision Koma VK67-001";1880;"Снасть/Катушки/Vision";"шпуля Vision Koma VK67-001 ";"";shpulya-vision-koma-vk67-001;;"";1
VLWfor Ace Head;"чехол Vision VLW";957;"Снасть/Шнуры/Vision";"чехол Vision VLW for Ace Head";"����� ���������, ��� ��� ������ � ������ ����� ��� ����������� ���������� ������ � ����� � ����� �� �������, �� ���������� ��� ��� �������� &ndash; ���� ��� �����, ������ ��� ������� ������. ��� �������� ����� ��������� ����   Ace     of    Spey   � ����������� �� ������ �����.      VLW. ACE Head wallet.     VTW. ACE Tip wallet.";chehol-vision-vlw;;"����� ���������, ��� ��� ������ � ������ ����� ��� ����������� ���������� ������ � ����� � ����� �� �������, �� ���������� ��� ��� �������� &ndash; ���� ��� �����, ������ ��� ������� ������. ��� �������� ����� ��������� ����   Ace     of    Spey   � ����������� �� ������ �����.      VLW. ACE Head wallet.     VTW. ACE Tip wallet.";1
VTWfor Ace Tip;"чехол Vision VTW";548;"Снасть/Шнуры/Vision";"чехол Vision VTW for Ace Tip";"����� ���������, ��� ��� ������ � ������ ����� ��� ����������� ���������� ������ � ����� � ����� �� �������, �� ���������� ��� ��� �������� &ndash; ���� ��� �����, ������ ��� ������� ������. ��� �������� ����� ��������� ����   Ace     of    Spey   � ����������� �� ������ �����.      VLW. ACE Head wallet.     VTW. ACE Tip wallet.";chehol-vision-vtw;;"����� ���������, ��� ��� ������ � ������ ����� ��� ����������� ���������� ������ � ����� � ����� �� �������, �� ���������� ��� ��� �������� &ndash; ���� ��� �����, ������ ��� ������� ������. ��� �������� ����� ��������� ����   Ace     of    Spey   � ����������� �� ������ �����.      VLW. ACE Head wallet.     VTW. ACE Tip wallet.";1
KWF4F;"шнур нахлыстовый KEEPER KWF";1107;"Снасть/Шнуры/Vision";"шнур нахлыстовый KEEPER KWF 4F";;shnur-nahlystovyi-keeper-kwf;;;1
KWF5F;"шнур нахлыстовый KEEPER KWF";1107;"Снасть/Шнуры/Vision";"шнур нахлыстовый KEEPER KWF 5F";;shnur-nahlystovyi-keeper-kwf;;;1
KWF6F;"шнур нахлыстовый KEEPER KWF";1107;"Снасть/Шнуры/Vision";"шнур нахлыстовый KEEPER KWF 6F";;shnur-nahlystovyi-keeper-kwf;;;1
KWF7F;"шнур нахлыстовый KEEPER KWF";1107;"Снасть/Шнуры/Vision";"шнур нахлыстовый KEEPER KWF 7F";;shnur-nahlystovyi-keeper-kwf;;;1
KWF8F;"шнур нахлыстовый KEEPER KWF";1107;"Снасть/Шнуры/Vision";"шнур нахлыстовый KEEPER KWF 8F";;shnur-nahlystovyi-keeper-kwf;;;1
F1112F;"шнур нахлыстовый Vision VAC F";2982;"Снасть/Шнуры/Vision";"шнур нахлыстовый Vision VAC F 1112F";;shnur-nahlystovyi-vision-vac-f;;;6
F910F;"шнур нахлыстовый Vision VAC F";2982;"Снасть/Шнуры/Vision";"шнур нахлыстовый Vision VAC F 910F";;shnur-nahlystovyi-vision-vac-f;;;6
S21011S2;"шнур нахлыстовый Vision VAC S2";2982;"Снасть/Шнуры/Vision";"шнур нахлыстовый Vision VAC S2 1011S2";;shnur-nahlystovyi-vision-vac-s2;;;6
S21112S2;"шнур нахлыстовый Vision VAC S2";2982;"Снасть/Шнуры/Vision";"шнур нахлыстовый Vision VAC S2 1112S2";;shnur-nahlystovyi-vision-vac-s2;;;6
S2910S2;"шнур нахлыстовый Vision VAC S2";2982;"Снасть/Шнуры/Vision";"шнур нахлыстовый Vision VAC S2 910S2";;shnur-nahlystovyi-vision-vac-s2;;;6
S41011S4;"шнур нахлыстовый Vision VAC S4";2982;"Снасть/Шнуры/Vision";"шнур нахлыстовый Vision VAC S4 1011S4";;shnur-nahlystovyi-vision-vac-s4;;;6
S41112S4;"шнур нахлыстовый Vision VAC S4";2982;"Снасть/Шнуры/Vision";"шнур нахлыстовый Vision VAC S4 1112S4";;shnur-nahlystovyi-vision-vac-s4;;;6
S489S4;"шнур нахлыстовый Vision VAC S4";2982;"Снасть/Шнуры/Vision";"шнур нахлыстовый Vision VAC S4 89S4";;shnur-nahlystovyi-vision-vac-s4;;;6
S4910S4;"шнур нахлыстовый Vision VAC S4";2982;"Снасть/Шнуры/Vision";"шнур нахлыстовый Vision VAC S4 910S4";;shnur-nahlystovyi-vision-vac-s4;;;6
S71011S7;"шнур нахлыстовый Vision VAC S7";3421;"Снасть/Шнуры/Vision";"шнур нахлыстовый Vision VAC S7 1011S7";;shnur-nahlystovyi-vision-vac-s7;;;6
S71112S7;"шнур нахлыстовый Vision VAC S7";3421;"Снасть/Шнуры/Vision";"шнур нахлыстовый Vision VAC S7 1112S7";;shnur-nahlystovyi-vision-vac-s7;;;6
S7910S7;"шнур нахлыстовый Vision VAC S7";3421;"Снасть/Шнуры/Vision";"шнур нахлыстовый Vision VAC S7 910S7";;shnur-nahlystovyi-vision-vac-s7;;;6
T1112T;"шнур нахлыстовый Vision VAC T";5980;"Снасть/Шнуры/Vision";"шнур нахлыстовый Vision VAC T 1112T";;shnur-nahlystovyi-vision-vac-t;;;1
VACL1011F;"шнур нахлыстовый Vision VACL";2034;"Снасть/Шнуры/Vision";"шнур нахлыстовый Vision VACL 1011F";;shnur-nahlystovyi-vision-vacl;;;1
VACL1011I3;"шнур нахлыстовый Vision VACL";2034;"Снасть/Шнуры/Vision";"шнур нахлыстовый Vision VACL 1011I3";;shnur-nahlystovyi-vision-vacl;;;1
VACL1112F;"шнур нахлыстовый Vision VACL";2034;"Снасть/Шнуры/Vision";"шнур нахлыстовый Vision VACL 1112F";;shnur-nahlystovyi-vision-vacl;;;1
VACL1112I3;"шнур нахлыстовый Vision VACL";2034;"Снасть/Шнуры/Vision";"шнур нахлыстовый Vision VACL 1112I3";;shnur-nahlystovyi-vision-vacl;;;1
VACL910F;"шнур нахлыстовый Vision VACL";2034;"Снасть/Шнуры/Vision";"шнур нахлыстовый Vision VACL 910F";;shnur-nahlystovyi-vision-vacl;;;1
VACL910I3;"шнур нахлыстовый Vision VACL";2034;"Снасть/Шнуры/Vision";"шнур нахлыстовый Vision VACL 910I3";;shnur-nahlystovyi-vision-vacl;;;1
VAS6F;"шнур нахлыстовый Vision VAS";3122;"Снасть/Шнуры/Vision";"шнур нахлыстовый Vision VAS 6F";;shnur-nahlystovyi-vision-vas;;;1
VAS6I;"шнур нахлыстовый Vision VAS";3122;"Снасть/Шнуры/Vision";"шнур нахлыстовый Vision VAS 6I";;shnur-nahlystovyi-vision-vas;;;1
VAS8I;"шнур нахлыстовый Vision VAS";3122;"Снасть/Шнуры/Vision";"шнур нахлыстовый Vision VAS 8I";;shnur-nahlystovyi-vision-vas;;;1
VAS9I;"шнур нахлыстовый Vision VAS";3122;"Снасть/Шнуры/Vision";"шнур нахлыстовый Vision VAS 9I";;shnur-nahlystovyi-vision-vas;;;1
VAS9S;"шнур нахлыстовый Vision VAS";2229;"Снасть/Шнуры/Vision";"шнур нахлыстовый Vision VAS 9S";;shnur-nahlystovyi-vision-vas;;;1
VBD10F;"шнур нахлыстовый Vision VBD";2643;"Снасть/Шнуры/Vision";"шнур нахлыстовый Vision VBD 10F";;shnur-nahlystovyi-vision-vbd;;;1
VBD8F;"шнур нахлыстовый Vision VBD";2643;"Снасть/Шнуры/Vision";"шнур нахлыстовый Vision VBD 8F";;shnur-nahlystovyi-vision-vbd;;;1
VBD8I;"шнур нахлыстовый Vision VBD";2643;"Снасть/Шнуры/Vision";"шнур нахлыстовый Vision VBD 8I";;shnur-nahlystovyi-vision-vbd;;;1
VBD9F;"шнур нахлыстовый Vision VBD";2643;"Снасть/Шнуры/Vision";"шнур нахлыстовый Vision VBD 9F";;shnur-nahlystovyi-vision-vbd;;;1
VBD9I;"шнур нахлыстовый Vision VBD";2643;"Снасть/Шнуры/Vision";"шнур нахлыстовый Vision VBD 9I";;shnur-nahlystovyi-vision-vbd;;;1
VBE300;"шнур нахлыстовый Vision VBE";3162;"Снасть/Шнуры/Vision";"шнур нахлыстовый Vision VBE 300";;shnur-nahlystovyi-vision-vbe;;;1
VBE400;"шнур нахлыстовый Vision VBE";3162;"Снасть/Шнуры/Vision";"шнур нахлыстовый Vision VBE 400";;shnur-nahlystovyi-vision-vbe;;;1
VBE500;"шнур нахлыстовый Vision VBE";3162;"Снасть/Шнуры/Vision";"шнур нахлыстовый Vision VBE 500";;shnur-nahlystovyi-vision-vbe;;;1
F5F;"шнур нахлыстовый Vision VC F";1301;"Снасть/Шнуры/Vision";"шнур нахлыстовый Vision VC F 5F";;shnur-nahlystovyi-vision-vc-f;;;6
F6F;"шнур нахлыстовый Vision VC F";1301;"Снасть/Шнуры/Vision";"шнур нахлыстовый Vision VC F 6F";;shnur-nahlystovyi-vision-vc-f;;;6
F7F;"шнур нахлыстовый Vision VC F";1301;"Снасть/Шнуры/Vision";"шнур нахлыстовый Vision VC F 7F";;shnur-nahlystovyi-vision-vc-f;;;6
F8F;"шнур нахлыстовый Vision VC F";1301;"Снасть/Шнуры/Vision";"шнур нахлыстовый Vision VC F 8F";;shnur-nahlystovyi-vision-vc-f;;;6
F9F;"шнур нахлыстовый Vision VC F";1301;"Снасть/Шнуры/Vision";"шнур нахлыстовый Vision VC F 9F";;shnur-nahlystovyi-vision-vc-f;;;6
I5I;"шнур нахлыстовый Vision VC I";1341;"Снасть/Шнуры/Vision";"шнур нахлыстовый Vision VC I 5I";;shnur-nahlystovyi-vision-vc-i;;;6
I6I;"шнур нахлыстовый Vision VC I";1341;"Снасть/Шнуры/Vision";"шнур нахлыстовый Vision VC I 6I";;shnur-nahlystovyi-vision-vc-i;;;6
I7I;"шнур нахлыстовый Vision VC I";1341;"Снасть/Шнуры/Vision";"шнур нахлыстовый Vision VC I 7I";;shnur-nahlystovyi-vision-vc-i;;;6
I8I;"шнур нахлыстовый Vision VC I";1341;"Снасть/Шнуры/Vision";"шнур нахлыстовый Vision VC I 8I";;shnur-nahlystovyi-vision-vc-i;;;6
VCSH9I;"шнур нахлыстовый Vision VCSH";1386;"Снасть/Шнуры/Vision";"шнур нахлыстовый Vision VCSH 9I";;shnur-nahlystovyi-vision-vcsh;;;1
S7S3;"шнур нахлыстовый Vision VDC S";1486;"Снасть/Шнуры/Vision";"шнур нахлыстовый Vision VDC S 7S3";;shnur-nahlystovyi-vision-vdc-s;;;1
S7S7;"шнур нахлыстовый Vision VDC S";1486;"Снасть/Шнуры/Vision";"шнур нахлыстовый Vision VDC S 7S7";;shnur-nahlystovyi-vision-vdc-s;;;1
S8S7;"шнур нахлыстовый Vision VDC S";1486;"Снасть/Шнуры/Vision";"шнур нахлыстовый Vision VDC S 8S7";;shnur-nahlystovyi-vision-vdc-s;;;1
VK4F;"шнур нахлыстовый Vision VK";2643;"Снасть/Шнуры/Vision";"шнур нахлыстовый Vision VK 4F";;shnur-nahlystovyi-vision-vk;;;6
VK5F;"шнур нахлыстовый Vision VK";2643;"Снасть/Шнуры/Vision";"шнур нахлыстовый Vision VK 5F";;shnur-nahlystovyi-vision-vk;;;6
VK6F;"шнур нахлыстовый Vision VK";2643;"Снасть/Шнуры/Vision";"шнур нахлыстовый Vision VK 6F";;shnur-nahlystovyi-vision-vk;;;6
VK7F;"шнур нахлыстовый Vision VK";2643;"Снасть/Шнуры/Vision";"шнур нахлыстовый Vision VK 7F";;shnur-nahlystovyi-vision-vk;;;6
VK8F;"шнур нахлыстовый Vision VK";2643;"Снасть/Шнуры/Vision";"шнур нахлыстовый Vision VK 8F";;shnur-nahlystovyi-vision-vk;;;6
VK9F;"шнур нахлыстовый Vision VK";2643;"Снасть/Шнуры/Vision";"шнур нахлыстовый Vision VK 9F";;shnur-nahlystovyi-vision-vk;;;6
VK65F62F;"шнур нахлыстовый Vision VK65F";2643;"Снасть/Шнуры/Vision";"шнур нахлыстовый Vision VK65F 62F";"� ������   Vibe     VK  65 ����� ������ 6,5�. �� ������������� ��� ������������� � ������ � ������������ ������������� ��� �������, � ����� ��� �������   switch     �   spey   ��������. ���������   ���������� � �������� �������� ����� �������� �������� &ldquo;���������� ������&rdquo; ���� ��� ������ �����������.";shnur-nahlystovyi-vision-vk65f;;"� ������   Vibe     VK  65 ����� ������ 6,5�. �� ������������� ��� ������������� � ������ � ������������ ������������� ��� �������, � ����� ��� �������   switch     �   spey   ��������. ���������   ���������� � �������� �������� ����� �������� �������� &ldquo;���������� ������&rdquo; ���� ��� ������ �����������.";6
VK65F63F;"шнур нахлыстовый Vision VK65F";2643;"Снасть/Шнуры/Vision";"шнур нахлыстовый Vision VK65F 63F";"� ������   Vibe     VK  65 ����� ������ 6,5�. �� ������������� ��� ������������� � ������ � ������������ ������������� ��� �������, � ����� ��� �������   switch     �   spey   ��������. ���������   ���������� � �������� �������� ����� �������� �������� &ldquo;���������� ������&rdquo; ���� ��� ������ �����������.";shnur-nahlystovyi-vision-vk65f;;"� ������   Vibe     VK  65 ����� ������ 6,5�. �� ������������� ��� ������������� � ������ � ������������ ������������� ��� �������, � ����� ��� �������   switch     �   spey   ��������. ���������   ���������� � �������� �������� ����� �������� �������� &ldquo;���������� ������&rdquo; ���� ��� ������ �����������.";6
VK65F64F;"шнур нахлыстовый Vision VK65F";2643;"Снасть/Шнуры/Vision";"шнур нахлыстовый Vision VK65F 64F";"� ������   Vibe     VK  65 ����� ������ 6,5�. �� ������������� ��� ������������� � ������ � ������������ ������������� ��� �������, � ����� ��� �������   switch     �   spey   ��������. ���������   ���������� � �������� �������� ����� �������� �������� &ldquo;���������� ������&rdquo; ���� ��� ������ �����������.";shnur-nahlystovyi-vision-vk65f;;"� ������   Vibe     VK  65 ����� ������ 6,5�. �� ������������� ��� ������������� � ������ � ������������ ������������� ��� �������, � ����� ��� �������   switch     �   spey   ��������. ���������   ���������� � �������� �������� ����� �������� �������� &ldquo;���������� ������&rdquo; ���� ��� ������ �����������.";6
VK65F65F;"шнур нахлыстовый Vision VK65F";2643;"Снасть/Шнуры/Vision";"шнур нахлыстовый Vision VK65F 65F";"� ������   Vibe     VK  65 ����� ������ 6,5�. �� ������������� ��� ������������� � ������ � ������������ ������������� ��� �������, � ����� ��� �������   switch     �   spey   ��������. ���������   ���������� � �������� �������� ����� �������� �������� &ldquo;���������� ������&rdquo; ���� ��� ������ �����������.";shnur-nahlystovyi-vision-vk65f;;"� ������   Vibe     VK  65 ����� ������ 6,5�. �� ������������� ��� ������������� � ������ � ������������ ������������� ��� �������, � ����� ��� �������   switch     �   spey   ��������. ���������   ���������� � �������� �������� ����� �������� �������� &ldquo;���������� ������&rdquo; ���� ��� ������ �����������.";6
VKK4F;"шнур нахлыстовый Vision VKK";2643;"Снасть/Шнуры/Vision";"шнур нахлыстовый Vision VKK 4F";;shnur-nahlystovyi-vision-vkk;;;6
VKK5F;"шнур нахлыстовый Vision VKK";2643;"Снасть/Шнуры/Vision";"шнур нахлыстовый Vision VKK 5F";;shnur-nahlystovyi-vision-vkk;;;6
VKK6F;"шнур нахлыстовый Vision VKK";2643;"Снасть/Шнуры/Vision";"шнур нахлыстовый Vision VKK 6F";;shnur-nahlystovyi-vision-vkk;;;6
VKK7F;"шнур нахлыстовый Vision VKK";2643;"Снасть/Шнуры/Vision";"шнур нахлыстовый Vision VKK 7F";;shnur-nahlystovyi-vision-vkk;;;6
I6 I;"шнур нахлыстовый Vision VKK I";2862;"Снасть/Шнуры/Vision";"шнур нахлыстовый Vision VKK I 6 I";;shnur-nahlystovyi-vision-vkk-i;;;6
I8 I;"шнур нахлыстовый Vision VKK I";2862;"Снасть/Шнуры/Vision";"шнур нахлыстовый Vision VKK I 8 I";;shnur-nahlystovyi-vision-vkk-i;;;6
IT5 IT;"шнур нахлыстовый Vision VKK IT";2862;"Снасть/Шнуры/Vision";"шнур нахлыстовый Vision VKK IT 5 IT";;shnur-nahlystovyi-vision-vkk-it;;;6
IT9 IT;"шнур нахлыстовый Vision VKK IT";2862;"Снасть/Шнуры/Vision";"шнур нахлыстовый Vision VKK IT 9 IT";;shnur-nahlystovyi-vision-vkk-it;;;6
VN2F;"шнур нахлыстовый Vision VN";2224;"Снасть/Шнуры/Vision";"шнур нахлыстовый Vision VN 2F";;shnur-nahlystovyi-vision-vn;;;6
VNW4F;"шнур нахлыстовый Vision VNW";2224;"Снасть/Шнуры/Vision";"шнур нахлыстовый Vision VNW 4F";;shnur-nahlystovyi-vision-vnw;;;6
VNW6F;"шнур нахлыстовый Vision VNW";2224;"Снасть/Шнуры/Vision";"шнур нахлыстовый Vision VNW 6F";;shnur-nahlystovyi-vision-vnw;;;6
VNW7F;"шнур нахлыстовый Vision VNW";2224;"Снасть/Шнуры/Vision";"шнур нахлыстовый Vision VNW 7F";;shnur-nahlystovyi-vision-vnw;;;6
VNW8F;"шнур нахлыстовый Vision VNW";2224;"Снасть/Шнуры/Vision";"шнур нахлыстовый Vision VNW 8F";;shnur-nahlystovyi-vision-vnw;;;6
VP23;"шнур нахлыстовый Vision VP2";1890;"Снасть/Шнуры/Vision";"шнур нахлыстовый Vision VP2 3";;shnur-nahlystovyi-vision-vp2;;;6
VRL27F;"шнур нахлыстовый Vision VRL";1990;"Снасть/Шнуры/Vision";"шнур нахлыстовый Vision VRL 27F";;shnur-nahlystovyi-vision-vrl;;;1
VRL31F;"шнур нахлыстовый Vision VRL";1990;"Снасть/Шнуры/Vision";"шнур нахлыстовый Vision VRL 31F";;shnur-nahlystovyi-vision-vrl;;;1
VRL36F;"шнур нахлыстовый Vision VRL";1990;"Снасть/Шнуры/Vision";"шнур нахлыстовый Vision VRL 36F";;shnur-nahlystovyi-vision-vrl;;;1
VRL40F;"шнур нахлыстовый Vision VRL";1990;"Снасть/Шнуры/Vision";"шнур нахлыстовый Vision VRL 40F";;shnur-nahlystovyi-vision-vrl;;;1
VRL40S;"шнур нахлыстовый Vision VRL";1990;"Снасть/Шнуры/Vision";"шнур нахлыстовый Vision VRL 40S";;shnur-nahlystovyi-vision-vrl;;;1
VRL35;"шнур нахлыстовый Vision VRL35";1062;"Снасть/Шнуры/Vision";"шнур нахлыстовый Vision VRL35 ";"";shnur-nahlystovyi-vision-vrl35;;"";1
VSE21011;"шнур нахлыстовый Vision VSE";1985;"Снасть/Шнуры/Vision";"шнур нахлыстовый Vision VSE 21011";;shnur-nahlystovyi-vision-vse;;;1
VSE21112;"шнур нахлыстовый Vision VSE";1985;"Снасть/Шнуры/Vision";"шнур нахлыстовый Vision VSE 21112";;shnur-nahlystovyi-vision-vse;;;1
VSE31011;"шнур нахлыстовый Vision VSE";1985;"Снасть/Шнуры/Vision";"шнур нахлыстовый Vision VSE 31011";;shnur-nahlystovyi-vision-vse;;;1
VSE31112;"шнур нахлыстовый Vision VSE";1985;"Снасть/Шнуры/Vision";"шнур нахлыстовый Vision VSE 31112";;shnur-nahlystovyi-vision-vse;;;1
VSE389;"шнур нахлыстовый Vision VSE";1985;"Снасть/Шнуры/Vision";"шнур нахлыстовый Vision VSE 389";;shnur-nahlystovyi-vision-vse;;;1
VSE3910;"шнур нахлыстовый Vision VSE";1985;"Снасть/Шнуры/Vision";"шнур нахлыстовый Vision VSE 3910";;shnur-nahlystovyi-vision-vse;;;1
VSK370;"шнур нахлыстовый Vision VSK";3755;"Снасть/Шнуры/Vision";"шнур нахлыстовый Vision VSK 370";;shnur-nahlystovyi-vision-vsk;;;1
VSK430;"шнур нахлыстовый Vision VSK";3755;"Снасть/Шнуры/Vision";"шнур нахлыстовый Vision VSK 430";;shnur-nahlystovyi-vision-vsk;;;1
VSK460;"шнур нахлыстовый Vision VSK";3755;"Снасть/Шнуры/Vision";"шнур нахлыстовый Vision VSK 460";;shnur-nahlystovyi-vision-vsk;;;1
VSK490;"шнур нахлыстовый Vision VSK";3755;"Снасть/Шнуры/Vision";"шнур нахлыстовый Vision VSK 490";;shnur-nahlystovyi-vision-vsk;;;1
VSK550;"шнур нахлыстовый Vision VSK";3755;"Снасть/Шнуры/Vision";"шнур нахлыстовый Vision VSK 550";;shnur-nahlystovyi-vision-vsk;;;1
VSK580;"шнур нахлыстовый Vision VSK";3755;"Снасть/Шнуры/Vision";"шнур нахлыстовый Vision VSK 580";;shnur-nahlystovyi-vision-vsk;;;1
VSK610;"шнур нахлыстовый Vision VSK";3755;"Снасть/Шнуры/Vision";"шнур нахлыстовый Vision VSK 610";;shnur-nahlystovyi-vision-vsk;;;1
VSK690;"шнур нахлыстовый Vision VSK";3755;"Снасть/Шнуры/Vision";"шнур нахлыстовый Vision VSK 690";;shnur-nahlystovyi-vision-vsk;;;1
VSK730;"шнур нахлыстовый Vision VSK";3755;"Снасть/Шнуры/Vision";"шнур нахлыстовый Vision VSK 730";;shnur-nahlystovyi-vision-vsk;;;1
VSK770;"шнур нахлыстовый Vision VSK";3755;"Снасть/Шнуры/Vision";"шнур нахлыстовый Vision VSK 770";;shnur-nahlystovyi-vision-vsk;;;1
VSP89F;"шнур нахлыстовый Vision VSP";3600;"Снасть/Шнуры/Vision";"шнур нахлыстовый Vision VSP 89F";;shnur-nahlystovyi-vision-vsp;;;1
VSP910F;"шнур нахлыстовый Vision VSP";3600;"Снасть/Шнуры/Vision";"шнур нахлыстовый Vision VSP 910F";;shnur-nahlystovyi-vision-vsp;;;1
I6I;"шнур нахлыстовый Vision VST I";2643;"Снасть/Шнуры/Vision";"шнур нахлыстовый Vision VST I 6I";;shnur-nahlystovyi-vision-vst-i;;;1
I7I;"шнур нахлыстовый Vision VST I";2643;"Снасть/Шнуры/Vision";"шнур нахлыстовый Vision VST I 7I";;shnur-nahlystovyi-vision-vst-i;;;1
I8I;"шнур нахлыстовый Vision VST I";2643;"Снасть/Шнуры/Vision";"шнур нахлыстовый Vision VST I 8I";;shnur-nahlystovyi-vision-vst-i;;;1
VUW3F;"шнур нахлыстовый Vision VUW";2224;"Снасть/Шнуры/Vision";"шнур нахлыстовый Vision VUW 3F";;shnur-nahlystovyi-vision-vuw;;;6
VUW7F;"шнур нахлыстовый Vision VUW";2224;"Снасть/Шнуры/Vision";"шнур нахлыстовый Vision VUW 7F";;shnur-nahlystovyi-vision-vuw;;;6
KF2050;"бекинг KEEPER KF2050";269;"Снасть/Бекинг/Vision";"бекинг KEEPER KF2050 ";"";beking-keeper-kf2050;;"";1
VB10028;"бекинг Vision VB10028";648;"Снасть/Бекинг/Vision";"бекинг Vision VB10028 ";"";beking-vision-vb10028;;"";1
C;"бекинг Vision VB15030 C";588;"Снасть/Бекинг/Vision";"бекинг Vision VB15030 C ";"";beking-vision-vb15030-c;;"";1
W;"бекинг Vision VB15030 W";508;"Снасть/Бекинг/Vision";"бекинг Vision VB15030 W ";"";beking-vision-vb15030-w;;"";1
VB20020O;"бекинг Vision VB20020";658;"Снасть/Бекинг/Vision";"бекинг Vision VB20020 O";;beking-vision-vb20020;;;1
VB20036;"бекинг Vision VB20036";1067;"Снасть/Бекинг/Vision";"бекинг Vision VB20036 ";"Bakkari    ������� 2012 ����! ����������� � ��������� 100� � 200� 20lb � 30lb. ����� ������ � �������, ����� � ������ � ������ ��������.       Dacspun    ��������� Vision. Dacspun ������ �� �������� ������� � �� �������� ����������  Dacron ������� ������ �� ��������. �� ���������� �� �������� ������� dyneema  � ��������� Dacron, ��� � ����� ���� ��������� ����������� �������� � ��������� ��������. ��������� ����� �� ��������� ������������ ��� ����������� ����.  ��� �������� ����������� 28-������";beking-vision-vb20036;;"Bakkari    ������� 2012 ����! ����������� � ��������� 100� � 200� 20lb � 30lb. ����� ������ � �������, ����� � ������ � ������ ��������.       Dacspun    ��������� Vision. Dacspun ������ �� �������� ������� � �� �������� ����������  Dacron ������� ������ �� ��������. �� ���������� �� �������� ������� dyneema  � ��������� Dacron, ��� � ����� ���� ��������� ����������� �������� � ��������� ��������. ��������� ����� �� ��������� ������������ ��� ����������� ����.  ��� �������� ����������� 28-������";1
C;"бекинг Vision VB25030 C";852;"Снасть/Бекинг/Vision";"бекинг Vision VB25030 C ";"";beking-vision-vb25030-c;;"";1
W;"бекинг Vision VB25030 W";718;"Снасть/Бекинг/Vision";"бекинг Vision VB25030 W ";"";beking-vision-vb25030-w;;"";1
VBW20;"бекинг Vision VBW20";354;"Снасть/Бекинг/Vision";"бекинг Vision VBW20 ";"";beking-vision-vbw20;;"";1
B;"бекинг Vision VBW20 B";389;"Снасть/Бекинг/Vision";"бекинг Vision VBW20 B ";"";beking-vision-vbw20-b;;"";1
